{
  "\t": 0.0, 
  "\n": 0.0, 
  " ": 0.0, 
  "#": 0.0, 
  "%": 0.0, 
  "&": 0.0, 
  "'": 0.0, 
  "(": 0.0, 
  ")": 0.0, 
  "*": 0.0, 
  "+": 0.0, 
  ",": 0.0, 
  "-": 0.0, 
  ".": 0.0, 
  "/": 0.0, 
  ">": 0.0, 
  "O": 0.04504504504504504, 
  "_": 0.0, 
  "j": 0.0, 
  "k": 0.02857142857142857, 
  "n": 0.01904761904761905, 
  "o": 0.03076923076923077, 
  "q": 0.0, 
  "r": 0.015625, 
  "y": 0.038461538461538464, 
  "°": 0.0, 
  "·": 0.0, 
  "”": 0.0, 
  "•": 0.0, 
  "Ⅱ": 0.0, 
  "、": 0.0, 
  "。": 0.0, 
  "䴉": 0.0, 
  "丕": 0.0, 
  "丞": 0.02631578947368421, 
  "丱": 0.0, 
  "么": 0.02608695652173913, 
  "之": 0.023376623376623377, 
  "乎": 0.011673151750972763, 
  "乓": 0.03571428571428571, 
  "乩": 0.0, 
  "亍": 0.0, 
  "亩": 0.038834951456310676, 
  "亸": 0.0, 
  "仃": 0.0, 
  "仉": 0.0, 
  "仑": 0.018518518518518517, 
  "仝": 0.0, 
  "仞": 0.0, 
  "们": 0.0, 
  "件": 0.008448540706605223, 
  "伧": 0.0, 
  "佗": 0.0, 
  "佬": 0.0, 
  "侑": 0.0, 
  "侖": 0.0, 
  "侣": 0.03125, 
  "侩": 0.0, 
  "侶": 0.03125, 
  "俁": 0.0, 
  "係": 0.010050251256281407, 
  "俅": 0.0, 
  "俣": 0.0, 
  "俥": 0.0, 
  "俦": 0.0, 
  "俪": 0.0, 
  "俫": 0.0, 
  "俬": 0.0, 
  "倈": 0.0, 
  "倌": 0.0, 
  "們": 0.0, 
  "倬": 0.0, 
  "倸": 0.0, 
  "倹": 0.0, 
  "偟": 0.0, 
  "偢": 0.0, 
  "偪": 0.0, 
  "偬": 0.0, 
  "偻": 0.0, 
  "偾": 0.0, 
  "傖": 0.0, 
  "傜": 0.0, 
  "傯": 0.0, 
  "僂": 0.0, 
  "僄": 0.0, 
  "僝": 0.0, 
  "僨": 0.0, 
  "僪": 0.0, 
  "僽": 0.0, 
  "僿": 0.0, 
  "儂": 0.0, 
  "儈": 0.0, 
  "儔": 0.0, 
  "儛": 0.0, 
  "儡": 0.0, 
  "儷": 0.0, 
  "儿": 0.045200892857142856, 
  "兒": 0.044042913608131, 
  "兕": 0.0, 
  "兮": 0.02, 
  "兹": 0.026737967914438502, 
  "冊": 0.047872340425531915, 
  "册": 0.04326923076923077, 
  "冓": 0.0, 
  "冢": 0.04878048780487805, 
  "冽": 0.0, 
  "凇": 0.0, 
  "凊": 0.0, 
  "凳": 0.02564102564102564, 
  "刂": 0.0, 
  "刓": 0.0, 
  "则": 0.023411371237458192, 
  "剂": 0.01735357917570499, 
  "則": 0.02127659574468085, 
  "剉": 0.0, 
  "剌": 0.0, 
  "剚": 0.0, 
  "剮": 0.0, 
  "劑": 0.017429193899782137, 
  "劖": 0.0, 
  "劘": 0.0, 
  "务": 0.02968270214943705, 
  "劢": 0.0, 
  "劭": 0.0, 
  "劵": 0.0, 
  "劻": 0.0, 
  "劾": 0.0, 
  "勖": 0.0, 
  "務": 0.036616161616161616, 
  "勰": 0.0, 
  "勱": 0.0, 
  "勷": 0.0, 
  "匽": 0.0, 
  "卉": 0.0, 
  "卒": 0.047619047619047616, 
  "卣": 0.0, 
  "卮": 0.0, 
  "卲": 0.0, 
  "卺": 0.0, 
  "卿": 0.036458333333333336, 
  "厓": 0.0, 
  "厶": 0.0, 
  "去": 0.0452155625657203, 
  "县": 0.02945054945054945, 
  "叟": 0.0, 
  "叻": 0.0, 
  "吒": 0.0, 
  "吣": 0.0, 
  "吪": 0.0, 
  "吰": 0.0, 
  "吷": 0.0, 
  "呗": 0.0, 
  "员": 0.016983016983016984, 
  "呤": 0.03225806451612903, 
  "呦": 0.0, 
  "呲": 0.0, 
  "呿": 0.0, 
  "咈": 0.0, 
  "咐": 0.0, 
  "咙": 0.0, 
  "咛": 0.0, 
  "咤": 0.0, 
  "咮": 0.0, 
  "咶": 0.0, 
  "咷": 0.0, 
  "咻": 0.0, 
  "咾": 0.0, 
  "哉": 0.0, 
  "哏": 0.0, 
  "哙": 0.0, 
  "哚": 0.0, 
  "哝": 0.0, 
  "員": 0.014598540145985401, 
  "唄": 0.0, 
  "唈": 0.0, 
  "唑": 0.0, 
  "唚": 0.0, 
  "唣": 0.0, 
  "唰": 0.0, 
  "唳": 0.0, 
  "唷": 0.0, 
  "啉": 0.0, 
  "啕": 0.0, 
  "啡": 0.031746031746031744, 
  "啭": 0.0, 
  "啶": 0.0, 
  "啻": 0.0, 
  "啾": 0.0, 
  "喆": 0.0, 
  "喈": 0.0, 
  "喣": 0.0, 
  "喨": 0.0, 
  "喱": 0.0, 
  "喳": 0.047619047619047616, 
  "喾": 0.0, 
  "嗛": 0.0, 
  "嗦": 0.0, 
  "嗪": 0.0, 
  "嘏": 0.0, 
  "嘛": 0.0, 
  "嘢": 0.0, 
  "嘣": 0.0, 
  "嘳": 0.0, 
  "噍": 0.0, 
  "噔": 0.0, 
  "噥": 0.0, 
  "器": 0.022556390977443608, 
  "噫": 0.0, 
  "噲": 0.0, 
  "嚀": 0.0, 
  "嚚": 0.0, 
  "嚨": 0.0, 
  "嚬": 0.0, 
  "嚲": 0.0, 
  "嚳": 0.0, 
  "囀": 0.0, 
  "囌": 0.0, 
  "囡": 0.0, 
  "囪": 0.0, 
  "囱": 0.0, 
  "図": 0.0, 
  "囵": 0.0, 
  "囷": 0.0, 
  "圃": 0.0, 
  "圄": 0.0, 
  "圇": 0.0, 
  "圳": 0.034482758620689655, 
  "圹": 0.0, 
  "圾": 0.0, 
  "址": 0.0, 
  "坛": 0.04020100502512563, 
  "坜": 0.0, 
  "坳": 0.0, 
  "坻": 0.0, 
  "坼": 0.0, 
  "垅": 0.0, 
  "垆": 0.0, 
  "型": 0.03130590339892665, 
  "垠": 0.0, 
  "垣": 0.033707865168539325, 
  "垯": 0.0, 
  "垸": 0.0, 
  "埏": 0.0, 
  "埕": 0.0, 
  "埚": 0.0, 
  "埜": 0.0, 
  "埴": 0.0, 
  "埶": 0.0, 
  "埽": 0.0, 
  "堍": 0.0, 
  "堝": 0.0, 
  "堞": 0.0, 
  "堡": 0.022922636103151862, 
  "堦": 0.0, 
  "塋": 0.0, 
  "塍": 0.0, 
  "塚": 0.0, 
  "塬": 0.0, 
  "塭": 0.0, 
  "墀": 0.0, 
  "墁": 0.0, 
  "墅": 0.0, 
  "墐": 0.0, 
  "墘": 0.0, 
  "墺": 0.0, 
  "壇": 0.03048780487804878, 
  "壑": 0.0, 
  "壙": 0.0, 
  "壚": 0.0, 
  "壠": 0.0, 
  "壢": 0.0, 
  "壤": 0.03424657534246575, 
  "士": 0.04720406681190995, 
  "壷": 0.0, 
  "壼": 0.0, 
  "夫": 0.0375, 
  "奁": 0.0, 
  "奂": 0.0, 
  "奐": 0.0, 
  "奘": 0.0, 
  "奩": 0.0, 
  "妁": 0.0, 
  "妣": 0.0, 
  "妤": 0.0, 
  "妪": 0.0, 
  "妲": 0.0, 
  "妺": 0.0, 
  "妾": 0.0, 
  "姆": 0.031496062992125984, 
  "姝": 0.0, 
  "娅": 0.0, 
  "娆": 0.0, 
  "娠": 0.0, 
  "娣": 0.0, 
  "娲": 0.0, 
  "婑": 0.0, 
  "婧": 0.0, 
  "婪": 0.0, 
  "婭": 0.0, 
  "婷": 0.04225352112676056, 
  "婿": 0.0, 
  "媛": 0.0, 
  "媟": 0.0, 
  "媠": 0.0, 
  "媧": 0.0, 
  "媪": 0.0, 
  "媮": 0.0, 
  "媵": 0.0, 
  "媸": 0.0, 
  "媼": 0.0, 
  "媿": 0.0, 
  "嫂": 0.04878048780487805, 
  "嫒": 0.0, 
  "嫗": 0.0, 
  "嫚": 0.0, 
  "嫫": 0.0, 
  "嫱": 0.0, 
  "嬅": 0.0, 
  "嬈": 0.0, 
  "嬙": 0.0, 
  "嬛": 0.0, 
  "嬡": 0.0, 
  "孉": 0.0, 
  "孓": 0.0, 
  "宄": 0.0, 
  "宙": 0.02127659574468085, 
  "宥": 0.0, 
  "宸": 0.0, 
  "寐": 0.0, 
  "寨": 0.03125, 
  "寮": 0.0, 
  "寺": 0.04025423728813559, 
  "尔": 0.012933406714364337, 
  "尬": 0.0, 
  "屆": 0.04424778761061947, 
  "届": 0.04424778761061947, 
  "屑": 0.013157894736842105, 
  "屣": 0.0, 
  "屩": 0.0, 
  "屺": 0.0, 
  "屿": 0.0, 
  "岖": 0.0, 
  "岛": 0.046966731898238745, 
  "峁": 0.0, 
  "峋": 0.0, 
  "峒": 0.0, 
  "峙": 0.03333333333333333, 
  "峤": 0.0, 
  "峦": 0.0, 
  "峪": 0.02702702702702703, 
  "島": 0.047058823529411764, 
  "崃": 0.0, 
  "崄": 0.0, 
  "崍": 0.0, 
  "崕": 0.0, 
  "崦": 0.0, 
  "崮": 0.0, 
  "崴": 0.0, 
  "崾": 0.0, 
  "嵋": 0.0, 
  "嵘": 0.0, 
  "嵛": 0.0, 
  "嵫": 0.0, 
  "嵴": 0.0, 
  "嶂": 0.0, 
  "嶇": 0.0, 
  "嶒": 0.0, 
  "嶠": 0.0, 
  "嶮": 0.0, 
  "嶷": 0.0, 
  "嶸": 0.0, 
  "嶼": 0.0, 
  "巇": 0.0, 
  "巒": 0.0, 
  "巘": 0.0, 
  "州": 0.013125, 
  "巣": 0.0, 
  "巹": 0.0, 
  "帑": 0.0, 
  "帔": 0.0, 
  "帙": 0.0, 
  "帜": 0.0, 
  "帢": 0.0, 
  "帼": 0.0, 
  "幄": 0.0, 
  "幗": 0.0, 
  "幙": 0.0, 
  "幛": 0.0, 
  "幞": 0.0, 
  "幟": 0.0, 
  "幢": 0.03125, 
  "幪": 0.0, 
  "庀": 0.0, 
  "庑": 0.0, 
  "府": 0.03708133971291866, 
  "庥": 0.0, 
  "度": 0.02598064187468161, 
  "廋": 0.0, 
  "廑": 0.0, 
  "廛": 0.0, 
  "廡": 0.0, 
  "廩": 0.0, 
  "廪": 0.0, 
  "廷": 0.04126984126984127, 
  "弁": 0.0, 
  "式": 0.009236453201970444, 
  "弟": 0.02952755905511811, 
  "弼": 0.0, 
  "彀": 0.0, 
  "彊": 0.0, 
  "彘": 0.0, 
  "彟": 0.0, 
  "彡": 0.0, 
  "彥": 0.02, 
  "彦": 0.02, 
  "彿": 0.0, 
  "徂": 0.0, 
  "徉": 0.0, 
  "徕": 0.0, 
  "徠": 0.0, 
  "徧": 0.0, 
  "徨": 0.0, 
  "徳": 0.0, 
  "徼": 0.0, 
  "忑": 0.0, 
  "忒": 0.043478260869565216, 
  "忪": 0.0, 
  "忭": 0.0, 
  "忮": 0.0, 
  "忱": 0.0, 
  "忳": 0.0, 
  "忺": 0.0, 
  "忾": 0.0, 
  "态": 0.03579952267303103, 
  "怍": 0.0, 
  "怖": 0.0, 
  "怩": 0.0, 
  "怱": 0.0, 
  "怼": 0.0, 
  "恂": 0.0, 
  "恑": 0.0, 
  "恚": 0.0, 
  "恟": 0.0, 
  "恠": 0.0, 
  "恵": 0.0, 
  "恿": 0.0, 
  "悌": 0.0, 
  "悛": 0.0, 
  "悝": 0.0, 
  "悞": 0.0, 
  "悫": 0.0, 
  "悮": 0.0, 
  "悴": 0.0, 
  "惓": 0.0, 
  "惚": 0.0, 
  "惛": 0.0, 
  "惸": 0.0, 
  "愊": 0.0, 
  "愍": 0.0, 
  "愎": 0.0, 
  "愓": 0.0, 
  "愦": 0.0, 
  "愨": 0.0, 
  "愫": 0.0, 
  "愬": 0.0, 
  "愾": 0.0, 
  "態": 0.037783375314861464, 
  "慮": 0.014598540145985401, 
  "憒": 0.0, 
  "憰": 0.0, 
  "憷": 0.0, 
  "懑": 0.0, 
  "懟": 0.0, 
  "懣": 0.0, 
  "戗": 0.0, 
  "戟": 0.0392156862745098, 
  "戥": 0.0, 
  "戧": 0.0, 
  "戩": 0.0, 
  "戬": 0.0, 
  "戾": 0.0, 
  "扃": 0.0, 
  "扢": 0.0, 
  "抂": 0.0, 
  "抔": 0.0, 
  "抶": 0.0, 
  "抷": 0.0, 
  "挝": 0.0, 
  "挲": 0.0, 
  "挻": 0.0, 
  "捇": 0.0, 
  "掾": 0.0, 
  "掿": 0.0, 
  "揄": 0.0, 
  "揍": 0.0, 
  "揜": 0.0, 
  "搕": 0.0, 
  "搘": 0.0, 
  "搡": 0.0, 
  "搥": 0.0, 
  "搯": 0.0, 
  "搰": 0.0, 
  "摋": 0.0, 
  "摛": 0.0, 
  "摞": 0.0, 
  "撄": 0.0, 
  "撦": 0.0, 
  "撾": 0.0, 
  "擞": 0.0, 
  "擩": 0.0, 
  "擻": 0.0, 
  "攖": 0.0, 
  "敪": 0.0, 
  "斌": 0.0, 
  "斓": 0.0, 
  "斕": 0.0, 
  "斛": 0.0, 
  "斝": 0.0, 
  "斤": 0.04289544235924933, 
  "斨": 0.0, 
  "旄": 0.0, 
  "旎": 0.0, 
  "族": 0.024630541871921183, 
  "旒": 0.0, 
  "旛": 0.0, 
  "旯": 0.0, 
  "旸": 0.0, 
  "昀": 0.0, 
  "昕": 0.0, 
  "昬": 0.0, 
  "昱": 0.0, 
  "昶": 0.0, 
  "晔": 0.0, 
  "晗": 0.0, 
  "晟": 0.0, 
  "晷": 0.0, 
  "暄": 0.0, 
  "暐": 0.0, 
  "暘": 0.0, 
  "暝": 0.0, 
  "暾": 0.0, 
  "曄": 0.0, 
  "曏": 0.0, 
  "曜": 0.0, 
  "曦": 0.0, 
  "曨": 0.0, 
  "曰": 0.0, 
  "曵": 0.0, 
  "曷": 0.0, 
  "朐": 0.0, 
  "朘": 0.0, 
  "朧": 0.0, 
  "术": 0.020380434782608696, 
  "杈": 0.0, 
  "杕": 0.0, 
  "杴": 0.0, 
  "枚": 0.047244094488188976, 
  "枿": 0.0, 
  "柄": 0.021739130434782608, 
  "柢": 0.0, 
  "柩": 0.0, 
  "柮": 0.0, 
  "柰": 0.0, 
  "栄": 0.0, 
  "栌": 0.0, 
  "栱": 0.0, 
  "栳": 0.0, 
  "栺": 0.0, 
  "桊": 0.0, 
  "桢": 0.0, 
  "桮": 0.0, 
  "桷": 0.0, 
  "梏": 0.0, 
  "械": 0.02214022140221402, 
  "梲": 0.0, 
  "梿": 0.0, 
  "棁": 0.0, 
  "棂": 0.0, 
  "棊": 0.0, 
  "棓": 0.0, 
  "棬": 0.0, 
  "棰": 0.0, 
  "棹": 0.0, 
  "椁": 0.0, 
  "椟": 0.0, 
  "椠": 0.0, 
  "椤": 0.0, 
  "楂": 0.0, 
  "楙": 0.0, 
  "楨": 0.0, 
  "楫": 0.0, 
  "業": 0.04506172839506173, 
  "楯": 0.0, 
  "楺": 0.0, 
  "榄": 0.0, 
  "榇": 0.0, 
  "榈": 0.0, 
  "榖": 0.0, 
  "榦": 0.0, 
  "榭": 0.0, 
  "槎": 0.0, 
  "槠": 0.0, 
  "槤": 0.0, 
  "槧": 0.0, 
  "槨": 0.0, 
  "槼": 0.0, 
  "槿": 0.0, 
  "樐": 0.0, 
  "樨": 0.0, 
  "樾": 0.0, 
  "橇": 0.0, 
  "橹": 0.0, 
  "橼": 0.0, 
  "檎": 0.0, 
  "檗": 0.0, 
  "檬": 0.047619047619047616, 
  "櫓": 0.0, 
  "櫚": 0.0, 
  "櫝": 0.0, 
  "櫞": 0.0, 
  "櫧": 0.0, 
  "櫨": 0.0, 
  "櫬": 0.0, 
  "櫱": 0.0, 
  "欉": 0.0, 
  "欏": 0.0, 
  "欖": 0.0, 
  "欞": 0.0, 
  "欿": 0.0, 
  "歜": 0.0, 
  "殇": 0.0, 
  "殍": 0.0, 
  "殓": 0.0, 
  "殣": 0.0, 
  "殤": 0.0, 
  "殮": 0.0, 
  "殽": 0.0, 
  "毖": 0.0, 
  "毯": 0.022727272727272728, 
  "毳": 0.0, 
  "毹": 0.0, 
  "毿": 0.0, 
  "氇": 0.0, 
  "氌": 0.0, 
  "氏": 0.02722323049001815, 
  "氓": 0.022727272727272728, 
  "氲": 0.0, 
  "氳": 0.0, 
  "氽": 0.0, 
  "汁": 0.025157232704402517, 
  "沄": 0.0, 
  "沌": 0.0, 
  "沲": 0.0, 
  "泆": 0.0, 
  "泐": 0.0, 
  "泞": 0.0, 
  "洌": 0.0, 
  "洙": 0.0, 
  "洧": 0.0, 
  "洩": 0.0, 
  "洫": 0.0, 
  "洲": 0.03051643192488263, 
  "洳": 0.0, 
  "洵": 0.0, 
  "浄": 0.0, 
  "浉": 0.0, 
  "浝": 0.0, 
  "浬": 0.0, 
  "涛": 0.019417475728155338, 
  "涯": 0.043478260869565216, 
  "涷": 0.0, 
  "淜": 0.0, 
  "淥": 0.0, 
  "淦": 0.0, 
  "淼": 0.0, 
  "渌": 0.0, 
  "渚": 0.0, 
  "渟": 0.0, 
  "渫": 0.0, 
  "湃": 0.0, 
  "湉": 0.0, 
  "湋": 0.0, 
  "湎": 0.0, 
  "湫": 0.0, 
  "湲": 0.0, 
  "湾": 0.043010752688172046, 
  "溉": 0.0, 
  "溏": 0.0, 
  "溓": 0.0, 
  "溟": 0.0, 
  "溩": 0.0, 
  "溲": 0.0, 
  "滓": 0.0, 
  "滟": 0.0, 
  "滢": 0.0, 
  "漉": 0.0, 
  "漶": 0.0, 
  "潠": 0.0, 
  "澍": 0.0, 
  "澥": 0.0, 
  "澨": 0.0, 
  "澭": 0.0, 
  "澲": 0.0, 
  "濂": 0.0, 
  "濊": 0.0, 
  "濘": 0.0, 
  "濞": 0.0, 
  "濤": 0.019801980198019802, 
  "濩": 0.0, 
  "瀅": 0.0, 
  "瀣": 0.0, 
  "灏": 0.0, 
  "灝": 0.0, 
  "灣": 0.044444444444444446, 
  "灩": 0.0, 
  "炅": 0.0, 
  "炜": 0.0, 
  "炬": 0.03125, 
  "烊": 0.0, 
  "烝": 0.0, 
  "烨": 0.0, 
  "烬": 0.0, 
  "烺": 0.0, 
  "焏": 0.0, 
  "焓": 0.0, 
  "焘": 0.0, 
  "焯": 0.0, 
  "焱": 0.0, 
  "然": 0.010164190774042221, 
  "焼": 0.0, 
  "煌": 0.0273972602739726, 
  "煒": 0.0, 
  "煕": 0.0, 
  "煜": 0.0, 
  "熂": 0.0, 
  "熅": 0.0, 
  "熇": 0.0, 
  "熲": 0.0, 
  "熳": 0.0, 
  "燁": 0.0, 
  "燊": 0.0, 
  "燬": 0.0, 
  "燹": 0.0, 
  "燼": 0.0, 
  "燾": 0.0, 
  "燿": 0.0, 
  "爇": 0.0, 
  "爷": 0.04406779661016949, 
  "爺": 0.04421768707482993, 
  "爾": 0.012947658402203856, 
  "牍": 0.0, 
  "牒": 0.0, 
  "牘": 0.0, 
  "牾": 0.0, 
  "犇": 0.0, 
  "犴": 0.0, 
  "犸": 0.0, 
  "犺": 0.0, 
  "狈": 0.0, 
  "狝": 0.0, 
  "狟": 0.0, 
  "狥": 0.0, 
  "狯": 0.0, 
  "狲": 0.0, 
  "狳": 0.0, 
  "狶": 0.0, 
  "狽": 0.0, 
  "猁": 0.0, 
  "猄": 0.0, 
  "猊": 0.0, 
  "猧": 0.0, 
  "猬": 0.0, 
  "猱": 0.0, 
  "猲": 0.0, 
  "猷": 0.0, 
  "猻": 0.0, 
  "猾": 0.0, 
  "獁": 0.0, 
  "獉": 0.0, 
  "獒": 0.0, 
  "獗": 0.0, 
  "獪": 0.0, 
  "獮": 0.0, 
  "率": 0.04452359750667854, 
  "玑": 0.0, 
  "玕": 0.0, 
  "玟": 0.0, 
  "玠": 0.0, 
  "玢": 0.0, 
  "玮": 0.0, 
  "玺": 0.045454545454545456, 
  "珅": 0.0, 
  "珈": 0.0, 
  "珉": 0.0, 
  "珎": 0.0, 
  "珏": 0.0, 
  "珑": 0.0, 
  "珧": 0.0, 
  "珮": 0.0, 
  "珰": 0.0, 
  "珺": 0.0, 
  "琊": 0.0, 
  "琏": 0.0, 
  "琚": 0.0, 
  "琦": 0.04081632653061224, 
  "琬": 0.0, 
  "琮": 0.0, 
  "琰": 0.0, 
  "琱": 0.0, 
  "琶": 0.0, 
  "瑁": 0.0, 
  "瑄": 0.0, 
  "瑋": 0.0, 
  "瑗": 0.0, 
  "瑛": 0.0, 
  "瑭": 0.0, 
  "瑯": 0.0, 
  "瑱": 0.0, 
  "瑳": 0.0, 
  "瑷": 0.0, 
  "瑾": 0.0, 
  "璁": 0.0, 
  "璃": 0.0, 
  "璉": 0.0, 
  "璋": 0.0, 
  "璐": 0.0, 
  "璟": 0.0, 
  "璣": 0.0, 
  "璦": 0.0, 
  "璫": 0.0, 
  "璽": 0.045454545454545456, 
  "璿": 0.0, 
  "瓏": 0.0, 
  "瓒": 0.0, 
  "瓚": 0.0, 
  "瓞": 0.0, 
  "瓣": 0.027777777777777776, 
  "瓴": 0.0, 
  "瓿": 0.0, 
  "甍": 0.0, 
  "甙": 0.0, 
  "甫": 0.02702702702702703, 
  "甴": 0.0, 
  "甸": 0.039473684210526314, 
  "町": 0.0, 
  "畀": 0.0, 
  "畈": 0.0, 
  "畔": 0.0, 
  "畝": 0.038834951456310676, 
  "疃": 0.0, 
  "疐": 0.0, 
  "疔": 0.0, 
  "疠": 0.0, 
  "疡": 0.0, 
  "疪": 0.0, 
  "疬": 0.0, 
  "疴": 0.0, 
  "疸": 0.0, 
  "疽": 0.0, 
  "痂": 0.0, 
  "症": 0.03194888178913738, 
  "痍": 0.0, 
  "痡": 0.0, 
  "痣": 0.0, 
  "痧": 0.0, 
  "痩": 0.0, 
  "痪": 0.0, 
  "痺": 0.0, 
  "痾": 0.0, 
  "瘁": 0.0, 
  "瘅": 0.0, 
  "瘍": 0.0, 
  "瘓": 0.0, 
  "瘝": 0.0, 
  "瘤": 0.022388059701492536, 
  "瘩": 0.0, 
  "癀": 0.0, 
  "癈": 0.0, 
  "癉": 0.0, 
  "癘": 0.0, 
  "癜": 0.0, 
  "癧": 0.0, 
  "癯": 0.0, 
  "的": 0.037366548042704624, 
  "皙": 0.0, 
  "皤": 0.0, 
  "皦": 0.0, 
  "皿": 0.0, 
  "盃": 0.041666666666666664, 
  "盏": 0.0196078431372549, 
  "盞": 0.0196078431372549, 
  "眇": 0.0, 
  "眍": 0.0, 
  "眐": 0.0, 
  "眙": 0.0, 
  "眢": 0.0, 
  "眬": 0.0, 
  "眴": 0.0, 
  "眵": 0.0, 
  "睇": 0.0, 
  "睍": 0.0, 
  "睐": 0.0, 
  "睖": 0.0, 
  "睞": 0.0, 
  "睬": 0.0, 
  "瞘": 0.0, 
  "瞚": 0.0, 
  "瞢": 0.0, 
  "瞵": 0.0, 
  "瞶": 0.0, 
  "矓": 0.0, 
  "矱": 0.0, 
  "矶": 0.0, 
  "矻": 0.0, 
  "砆": 0.0, 
  "砉": 0.0, 
  "砑": 0.0, 
  "砜": 0.0, 
  "砠": 0.0, 
  "砦": 0.0, 
  "硎": 0.0, 
  "硗": 0.0, 
  "碁": 0.0, 
  "碚": 0.0, 
  "碛": 0.0, 
  "碜": 0.0, 
  "碡": 0.0, 
  "碫": 0.0, 
  "碸": 0.0, 
  "碻": 0.0, 
  "磉": 0.0, 
  "磒": 0.0, 
  "磔": 0.0, 
  "磝": 0.0, 
  "磣": 0.0, 
  "磧": 0.0, 
  "磯": 0.0, 
  "磲": 0.0, 
  "磽": 0.0, 
  "礓": 0.0, 
  "礞": 0.0, 
  "礲": 0.0, 
  "礴": 0.0, 
  "祇": 0.0, 
  "祉": 0.0, 
  "祐": 0.0, 
  "祗": 0.0, 
  "祚": 0.0, 
  "祜": 0.0, 
  "祧": 0.0, 
  "祯": 0.0, 
  "祺": 0.0, 
  "禎": 0.0, 
  "禕": 0.0, 
  "禧": 0.0, 
  "禳": 0.0, 
  "禺": 0.0, 
  "稃": 0.0, 
  "稊": 0.0, 
  "稣": 0.0, 
  "稾": 0.0, 
  "穅": 0.0, 
  "穉": 0.0, 
  "穌": 0.0, 
  "穑": 0.0, 
  "穡": 0.0, 
  "穫": 0.0, 
  "穸": 0.0, 
  "穽": 0.0, 
  "窕": 0.0, 
  "窬": 0.0, 
  "窹": 0.0, 
  "窾": 0.0, 
  "竦": 0.0, 
  "竽": 0.0, 
  "笄": 0.0, 
  "笈": 0.0, 
  "笏": 0.0, 
  "笠": 0.0, 
  "笥": 0.0, 
  "笫": 0.0, 
  "笯": 0.0, 
  "笳": 0.0, 
  "筌": 0.0, 
  "筝": 0.0, 
  "筦": 0.0, 
  "筮": 0.0, 
  "筱": 0.0, 
  "箎": 0.0, 
  "箏": 0.0, 
  "箐": 0.0, 
  "箑": 0.0, 
  "箓": 0.0, 
  "箘": 0.0, 
  "箧": 0.0, 
  "篁": 0.0, 
  "篋": 0.0, 
  "篌": 0.0, 
  "篑": 0.0, 
  "篥": 0.0, 
  "篪": 0.0, 
  "篲": 0.0, 
  "簋": 0.0, 
  "簣": 0.0, 
  "籁": 0.0, 
  "籓": 0.0, 
  "籙": 0.0, 
  "籟": 0.0, 
  "籥": 0.0, 
  "籴": 0.0, 
  "粑": 0.0, 
  "粕": 0.0, 
  "粹": 0.0, 
  "糗": 0.0, 
  "糢": 0.0, 
  "糴": 0.0, 
  "紇": 0.0, 
  "紘": 0.0, 
  "級": 0.03833333333333333, 
  "紜": 0.0, 
  "紱": 0.0, 
  "紲": 0.0, 
  "紵": 0.0, 
  "絀": 0.0, 
  "絏": 0.0, 
  "絜": 0.0, 
  "絝": 0.0, 
  "絫": 0.0, 
  "綃": 0.0, 
  "続": 0.0, 
  "綣": 0.0, 
  "綰": 0.0, 
  "緌": 0.0, 
  "緒": 0.04597701149425287, 
  "緗": 0.0, 
  "緲": 0.0, 
  "緹": 0.0, 
  "縑": 0.0, 
  "縣": 0.02945054945054945, 
  "縭": 0.0, 
  "縻": 0.0, 
  "繢": 0.0, 
  "繹": 0.0, 
  "纘": 0.0, 
  "纚": 0.0, 
  "纥": 0.0, 
  "级": 0.037337662337662336, 
  "纭": 0.0, 
  "纮": 0.0, 
  "纻": 0.0, 
  "绁": 0.0, 
  "绂": 0.0, 
  "绌": 0.0, 
  "绎": 0.0, 
  "绔": 0.0, 
  "绡": 0.0, 
  "绪": 0.04597701149425287, 
  "绻": 0.0, 
  "绾": 0.0, 
  "缃": 0.0, 
  "缇": 0.0, 
  "缈": 0.0, 
  "缊": 0.0, 
  "缋": 0.0, 
  "缐": 0.0, 
  "缡": 0.0, 
  "缣": 0.0, 
  "缵": 0.0, 
  "罍": 0.0, 
  "罘": 0.0, 
  "罟": 0.0, 
  "罨": 0.0, 
  "罴": 0.0, 
  "羆": 0.0, 
  "羖": 0.0, 
  "羡": 0.03225806451612903, 
  "羨": 0.03225806451612903, 
  "羲": 0.043478260869565216, 
  "翊": 0.0, 
  "翚": 0.0, 
  "翮": 0.0, 
  "翳": 0.0, 
  "者": 0.0014925373134328358, 
  "耋": 0.0, 
  "而": 0.028308097432521395, 
  "耜": 0.0, 
  "耨": 0.0, 
  "耱": 0.0, 
  "聍": 0.0, 
  "聩": 0.0, 
  "聵": 0.0, 
  "聹": 0.0, 
  "聿": 0.0, 
  "肓": 0.0, 
  "肟": 0.0, 
  "肪": 0.0, 
  "肫": 0.0, 
  "肬": 0.0, 
  "肭": 0.0, 
  "肼": 0.0, 
  "胄": 0.0, 
  "胔": 0.0, 
  "胙": 0.0, 
  "胝": 0.0, 
  "胠": 0.0, 
  "胤": 0.0, 
  "胧": 0.0, 
  "胾": 0.0, 
  "脒": 0.0, 
  "脔": 0.0, 
  "脘": 0.0, 
  "脤": 0.0, 
  "脥": 0.0, 
  "脰": 0.0, 
  "腆": 0.0, 
  "腑": 0.0, 
  "腘": 0.0, 
  "腩": 0.0, 
  "腯": 0.0, 
  "腴": 0.0, 
  "膊": 0.0, 
  "膑": 0.0, 
  "膞": 0.0, 
  "膪": 0.0, 
  "臏": 0.0, 
  "臜": 0.0, 
  "臠": 0.0, 
  "臡": 0.0, 
  "臢": 0.0, 
  "臣": 0.03112033195020747, 
  "臬": 0.0, 
  "臾": 0.0, 
  "舋": 0.0, 
  "舣": 0.0, 
  "舫": 0.0, 
  "舸": 0.0, 
  "舻": 0.0, 
  "艇": 0.037383177570093455, 
  "艋": 0.0, 
  "艘": 0.01098901098901099, 
  "艟": 0.0, 
  "艤": 0.0, 
  "艫": 0.0, 
  "艹": 0.0, 
  "艽": 0.0, 
  "艿": 0.0, 
  "芎": 0.0, 
  "芏": 0.0, 
  "芘": 0.0, 
  "芩": 0.0, 
  "芪": 0.0, 
  "芾": 0.0, 
  "苈": 0.0, 
  "苒": 0.0, 
  "苡": 0.0, 
  "苷": 0.0, 
  "苻": 0.0, 
  "茆": 0.0, 
  "茑": 0.0, 
  "茔": 0.0, 
  "茛": 0.0, 
  "茝": 0.0, 
  "茞": 0.0, 
  "茦": 0.0, 
  "茬": 0.03773584905660377, 
  "茲": 0.026737967914438502, 
  "荇": 0.0, 
  "荛": 0.0, 
  "荪": 0.0, 
  "荬": 0.0, 
  "荽": 0.0, 
  "莋": 0.0, 
  "莓": 0.0, 
  "莛": 0.0, 
  "莩": 0.0, 
  "莶": 0.0, 
  "莸": 0.0, 
  "菀": 0.0, 
  "菅": 0.0, 
  "菔": 0.0, 
  "菘": 0.0, 
  "菪": 0.0, 
  "菴": 0.0, 
  "菹": 0.0, 
  "萁": 0.0, 
  "萄": 0.0, 
  "萆": 0.0, 
  "萏": 0.0, 
  "萸": 0.0, 
  "葆": 0.0, 
  "葖": 0.0, 
  "葙": 0.0, 
  "葚": 0.0, 
  "葜": 0.0, 
  "葧": 0.0, 
  "葩": 0.0, 
  "葯": 0.0, 
  "葸": 0.0, 
  "葺": 0.0, 
  "蒌": 0.0, 
  "蒡": 0.0, 
  "蓀": 0.0, 
  "蓉": 0.014742014742014743, 
  "蓠": 0.0, 
  "蓣": 0.0, 
  "蓥": 0.0, 
  "蓺": 0.0, 
  "蓿": 0.0, 
  "蔀": 0.0, 
  "蔌": 0.0, 
  "蔔": 0.0, 
  "蔘": 0.038461538461538464, 
  "蔞": 0.0, 
  "蔦": 0.0, 
  "蔹": 0.0, 
  "蕈": 0.0, 
  "蕊": 0.0, 
  "蕒": 0.0, 
  "蕕": 0.0, 
  "蕘": 0.0, 
  "蕫": 0.0, 
  "蕷": 0.0, 
  "蕻": 0.0, 
  "薇": 0.046875, 
  "薟": 0.0, 
  "薡": 0.0, 
  "薢": 0.0, 
  "薷": 0.0, 
  "薹": 0.0, 
  "藋": 0.0, 
  "藶": 0.0, 
  "藷": 0.0, 
  "蘖": 0.0, 
  "蘗": 0.0, 
  "蘞": 0.0, 
  "蘩": 0.0, 
  "蘺": 0.0, 
  "虑": 0.014598540145985401, 
  "虢": 0.0, 
  "虵": 0.0, 
  "虺": 0.0, 
  "虻": 0.0, 
  "虿": 0.0, 
  "蚓": 0.0, 
  "蚣": 0.0, 
  "蚧": 0.0, 
  "蚨": 0.0, 
  "蚪": 0.0, 
  "蚴": 0.0, 
  "蚵": 0.0, 
  "蛄": 0.0, 
  "蛉": 0.0, 
  "蛑": 0.0, 
  "蛳": 0.0, 
  "蛸": 0.0, 
  "蜊": 0.0, 
  "蜋": 0.0, 
  "蜍": 0.0, 
  "蜎": 0.0, 
  "蜓": 0.0, 
  "蜞": 0.0, 
  "蜢": 0.0, 
  "蜮": 0.0, 
  "蜴": 0.0, 
  "蜺": 0.0, 
  "蝓": 0.0, 
  "蝟": 0.0, 
  "蝣": 0.0, 
  "蝥": 0.0, 
  "蝪": 0.0, 
  "蝻": 0.0, 
  "螂": 0.0, 
  "螄": 0.0, 
  "螅": 0.0, 
  "螈": 0.0, 
  "螗": 0.0, 
  "螬": 0.0, 
  "螭": 0.0, 
  "螿": 0.0, 
  "蟀": 0.0, 
  "蟆": 0.0, 
  "蟥": 0.0, 
  "蠃": 0.0, 
  "蠆": 0.0, 
  "蠊": 0.0, 
  "蠙": 0.0, 
  "衊": 0.0, 
  "術": 0.0196078431372549, 
  "衕": 0.0, 
  "衩": 0.0, 
  "衫": 0.03529411764705882, 
  "衿": 0.0, 
  "袄": 0.0, 
  "袓": 0.0, 
  "袢": 0.0, 
  "袤": 0.0, 
  "袱": 0.0, 
  "袴": 0.0, 
  "裀": 0.0, 
  "裈": 0.0, 
  "裎": 0.0, 
  "裔": 0.029411764705882353, 
  "裟": 0.0, 
  "裢": 0.0, 
  "裥": 0.0, 
  "裰": 0.0, 
  "裳": 0.0, 
  "裼": 0.0, 
  "褂": 0.037037037037037035, 
  "褌": 0.0, 
  "褓": 0.0, 
  "褖": 0.0, 
  "褙": 0.0, 
  "褛": 0.0, 
  "褧": 0.0, 
  "褱": 0.0, 
  "褳": 0.0, 
  "褵": 0.0, 
  "褸": 0.0, 
  "襆": 0.0, 
  "襇": 0.0, 
  "襖": 0.0, 
  "襞": 0.0, 
  "襬": 0.0, 
  "襻": 0.0, 
  "襼": 0.0, 
  "覇": 0.0, 
  "覦": 0.0, 
  "覷": 0.0, 
  "覽": 0.02127659574468085, 
  "覿": 0.0, 
  "览": 0.020618556701030927, 
  "觌": 0.0, 
  "觎": 0.0, 
  "觑": 0.0, 
  "觚": 0.0, 
  "觫": 0.0, 
  "觿": 0.0, 
  "訇": 0.0, 
  "訌": 0.0, 
  "訚": 0.0, 
  "詁": 0.0, 
  "詒": 0.0, 
  "詖": 0.0, 
  "詟": 0.0, 
  "詡": 0.0, 
  "詣": 0.0, 
  "詵": 0.0, 
  "誉": 0.0481283422459893, 
  "誚": 0.0, 
  "誼": 0.047619047619047616, 
  "誾": 0.0, 
  "諏": 0.0, 
  "諑": 0.0, 
  "諝": 0.0, 
  "諤": 0.0, 
  "謇": 0.0, 
  "謐": 0.0, 
  "謖": 0.0, 
  "謗": 0.04, 
  "謨": 0.0, 
  "謭": 0.0, 
  "譆": 0.0, 
  "譟": 0.0, 
  "譽": 0.04864864864864865, 
  "譾": 0.0, 
  "讎": 0.0, 
  "讞": 0.0, 
  "讧": 0.0, 
  "诂": 0.0, 
  "诐": 0.0, 
  "诒": 0.0, 
  "诜": 0.0, 
  "询": 0.04261363636363636, 
  "诣": 0.0, 
  "诩": 0.0, 
  "诮": 0.0, 
  "诹": 0.0, 
  "诼": 0.0, 
  "谊": 0.047619047619047616, 
  "谔": 0.0, 
  "谞": 0.0, 
  "谟": 0.0, 
  "谡": 0.0, 
  "谤": 0.04, 
  "谧": 0.0, 
  "谫": 0.0, 
  "谳": 0.0, 
  "谹": 0.0, 
  "豊": 0.0, 
  "豸": 0.0, 
  "貅": 0.0, 
  "貎": 0.0, 
  "貤": 0.0, 
  "貰": 0.0, 
  "賂": 0.0, 
  "賅": 0.0, 
  "賕": 0.0, 
  "賚": 0.0, 
  "賾": 0.0, 
  "贄": 0.0, 
  "贐": 0.0, 
  "贳": 0.0, 
  "贽": 0.0, 
  "赂": 0.0, 
  "赅": 0.0, 
  "赆": 0.0, 
  "赇": 0.0, 
  "赉": 0.0, 
  "赜": 0.0, 
  "赪": 0.0, 
  "赬": 0.0, 
  "趄": 0.0, 
  "趼": 0.0, 
  "跄": 0.0, 
  "跎": 0.0, 
  "跚": 0.0, 
  "跡": 0.019801980198019802, 
  "跤": 0.0, 
  "跧": 0.0, 
  "跩": 0.0, 
  "跱": 0.0, 
  "跸": 0.0, 
  "跹": 0.0, 
  "踅": 0.0, 
  "踆": 0.0, 
  "踕": 0.0, 
  "踖": 0.0, 
  "踪": 0.033707865168539325, 
  "蹋": 0.0, 
  "蹌": 0.0, 
  "蹕": 0.0, 
  "蹟": 0.0, 
  "蹤": 0.03409090909090909, 
  "蹰": 0.0, 
  "躂": 0.0, 
  "躅": 0.0, 
  "躇": 0.0, 
  "躏": 0.0, 
  "躕": 0.0, 
  "躚": 0.0, 
  "躞": 0.0, 
  "躪": 0.0, 
  "軛": 0.0, 
  "軾": 0.0, 
  "輅": 0.0, 
  "輊": 0.0, 
  "輒": 0.0, 
  "輛": 0.030303030303030304, 
  "輞": 0.0, 
  "輦": 0.0, 
  "輳": 0.0, 
  "輶": 0.0, 
  "轓": 0.0, 
  "轤": 0.0, 
  "轭": 0.0, 
  "轳": 0.0, 
  "轼": 0.0, 
  "轾": 0.0, 
  "辂": 0.0, 
  "辄": 0.0, 
  "辆": 0.02564102564102564, 
  "辇": 0.0, 
  "辋": 0.0, 
  "辏": 0.0, 
  "迒": 0.0, 
  "迹": 0.017937219730941704, 
  "迺": 0.0, 
  "逅": 0.0, 
  "逑": 0.0, 
  "途": 0.048458149779735685, 
  "逦": 0.0, 
  "逵": 0.0, 
  "遄": 0.0, 
  "遘": 0.0, 
  "遢": 0.0, 
  "邃": 0.0, 
  "邅": 0.0, 
  "邐": 0.0, 
  "邑": 0.0, 
  "邡": 0.0, 
  "郄": 0.0, 
  "郞": 0.0, 
  "部": 0.04406631762652705, 
  "酾": 0.0, 
  "醎": 0.0, 
  "醐": 0.0, 
  "醨": 0.0, 
  "醮": 0.0, 
  "醰": 0.0, 
  "釃": 0.0, 
  "釔": 0.0, 
  "釗": 0.0, 
  "釧": 0.0, 
  "鈀": 0.0, 
  "鈁": 0.0, 
  "鈸": 0.0, 
  "鈺": 0.0, 
  "鉉": 0.0, 
  "鉋": 0.0, 
  "鉍": 0.0, 
  "鉞": 0.0, 
  "銃": 0.0, 
  "銦": 0.0, 
  "銫": 0.0, 
  "鋏": 0.0, 
  "鋟": 0.0, 
  "鋩": 0.0, 
  "鋮": 0.0, 
  "錁": 0.0, 
  "錕": 0.0, 
  "錡": 0.0, 
  "錩": 0.0, 
  "鍇": 0.0, 
  "鍔": 0.0, 
  "鍪": 0.0, 
  "鍬": 0.0, 
  "鍰": 0.0, 
  "鎊": 0.0, 
  "鎘": 0.0, 
  "鎣": 0.0, 
  "鎰": 0.0, 
  "鎵": 0.0, 
  "鏑": 0.0, 
  "鏚": 0.0, 
  "鏞": 0.0, 
  "鏸": 0.0, 
  "鐀": 0.0, 
  "鐙": 0.0, 
  "鐧": 0.0, 
  "鐶": 0.0, 
  "鐸": 0.0, 
  "鑊": 0.0, 
  "鑒": 0.0, 
  "鑣": 0.0, 
  "鑤": 0.0, 
  "鑹": 0.0, 
  "钇": 0.0, 
  "钊": 0.0, 
  "钏": 0.0, 
  "钫": 0.0, 
  "钯": 0.0, 
  "钰": 0.0, 
  "钹": 0.0, 
  "钺": 0.0, 
  "铇": 0.0, 
  "铉": 0.0, 
  "铋": 0.0, 
  "铎": 0.0, 
  "铓": 0.0, 
  "铖": 0.0, 
  "铗": 0.0, 
  "铟": 0.0, 
  "铯": 0.0, 
  "铳": 0.0, 
  "锏": 0.0, 
  "锓": 0.0, 
  "锜": 0.0, 
  "锞": 0.0, 
  "锟": 0.0, 
  "锠": 0.0, 
  "锨": 0.0, 
  "锴": 0.0, 
  "锷": 0.0, 
  "锹": 0.0, 
  "锾": 0.0, 
  "镉": 0.0, 
  "镑": 0.0, 
  "镒": 0.0, 
  "镓": 0.0, 
  "镛": 0.0, 
  "镝": 0.0, 
  "镩": 0.0, 
  "镫": 0.0, 
  "镬": 0.0, 
  "镳": 0.0, 
  "閑": 0.0, 
  "閡": 0.0, 
  "閧": 0.0, 
  "閶": 0.0, 
  "閽": 0.0, 
  "闆": 0.0, 
  "闈": 0.0, 
  "闋": 0.0, 
  "闐": 0.0, 
  "闥": 0.0, 
  "闱": 0.0, 
  "闼": 0.0, 
  "阂": 0.0, 
  "阊": 0.0, 
  "阍": 0.0, 
  "阕": 0.0, 
  "阗": 0.0, 
  "队": 0.032073310423825885, 
  "阯": 0.0, 
  "阱": 0.0, 
  "际": 0.02, 
  "陉": 0.0, 
  "陘": 0.0, 
  "院": 0.04225352112676056, 
  "陧": 0.0, 
  "陬": 0.0, 
  "陲": 0.0, 
  "隅": 0.0, 
  "隉": 0.0, 
  "隊": 0.031070195627157654, 
  "際": 0.020114942528735632, 
  "隼": 0.0, 
  "雠": 0.0, 
  "雩": 0.0, 
  "雯": 0.0, 
  "雳": 0.0, 
  "霆": 0.0, 
  "霈": 0.0, 
  "霖": 0.024691358024691357, 
  "霤": 0.0, 
  "霾": 0.0, 
  "靂": 0.0, 
  "靆": 0.0, 
  "靥": 0.0, 
  "靨": 0.0, 
  "靼": 0.0, 
  "鞀": 0.0, 
  "鞚": 0.0, 
  "鞞": 0.0, 
  "鞯": 0.0, 
  "鞿": 0.0, 
  "韆": 0.0, 
  "韉": 0.0, 
  "韙": 0.0, 
  "韡": 0.0, 
  "韪": 0.0, 
  "頇": 0.0, 
  "頊": 0.0, 
  "頏": 0.0, 
  "頫": 0.0, 
  "顥": 0.0, 
  "顬": 0.0, 
  "顸": 0.0, 
  "顼": 0.0, 
  "颃": 0.0, 
  "颢": 0.0, 
  "颥": 0.0, 
  "颭": 0.0, 
  "颺": 0.0, 
  "颻": 0.0, 
  "颿": 0.0, 
  "飈": 0.0, 
  "飏": 0.0, 
  "飖": 0.0, 
  "飚": 0.0, 
  "飡": 0.0, 
  "飣": 0.0, 
  "飧": 0.0, 
  "飩": 0.0, 
  "飪": 0.0, 
  "飭": 0.0, 
  "餍": 0.0, 
  "餒": 0.0, 
  "餗": 0.0, 
  "餧": 0.0, 
  "餮": 0.0, 
  "餼": 0.0, 
  "饁": 0.0, 
  "饈": 0.0, 
  "饉": 0.0, 
  "饐": 0.0, 
  "饜": 0.0, 
  "饤": 0.0, 
  "饨": 0.0, 
  "饩": 0.0, 
  "饪": 0.0, 
  "饬": 0.0, 
  "馀": 0.0, 
  "馁": 0.0, 
  "馌": 0.0, 
  "馐": 0.0, 
  "馑": 0.0, 
  "馗": 0.0, 
  "馥": 0.047619047619047616, 
  "騂": 0.0, 
  "騖": 0.0, 
  "騫": 0.0, 
  "騭": 0.0, 
  "騮": 0.0, 
  "騶": 0.0, 
  "驁": 0.0, 
  "驄": 0.0, 
  "驎": 0.0, 
  "驤": 0.0, 
  "驺": 0.0, 
  "骍": 0.0, 
  "骘": 0.0, 
  "骛": 0.0, 
  "骜": 0.0, 
  "骝": 0.0, 
  "骞": 0.0, 
  "骢": 0.0, 
  "骧": 0.0, 
  "骸": 0.038461538461538464, 
  "髃": 0.0, 
  "髅": 0.0, 
  "髎": 0.0, 
  "髏": 0.0, 
  "髡": 0.0, 
  "髦": 0.0, 
  "髫": 0.0, 
  "髻": 0.0, 
  "鬐": 0.0, 
  "鬟": 0.0, 
  "鬯": 0.0, 
  "鬲": 0.0, 
  "魀": 0.0, 
  "魃": 0.0, 
  "魇": 0.0, 
  "魈": 0.0, 
  "魉": 0.0, 
  "魊": 0.0, 
  "魎": 0.0, 
  "魘": 0.0, 
  "鮀": 0.0, 
  "鮃": 0.0, 
  "鮐": 0.0, 
  "鮒": 0.0, 
  "鯔": 0.0, 
  "鯗": 0.0, 
  "鯢": 0.0, 
  "鰃": 0.0, 
  "鰍": 0.0, 
  "鰨": 0.0, 
  "鱧": 0.0, 
  "鱺": 0.0, 
  "鲆": 0.0, 
  "鲋": 0.0, 
  "鲐": 0.0, 
  "鲞": 0.0, 
  "鲡": 0.0, 
  "鲵": 0.0, 
  "鲻": 0.0, 
  "鳂": 0.0, 
  "鳅": 0.0, 
  "鳎": 0.0, 
  "鳢": 0.0, 
  "鳦": 0.0, 
  "鳷": 0.0, 
  "鴂": 0.0, 
  "鴒": 0.0, 
  "鴰": 0.0, 
  "鵑": 0.0, 
  "鵒": 0.0, 
  "鵡": 0.0, 
  "鵷": 0.0, 
  "鶓": 0.0, 
  "鶘": 0.0, 
  "鶚": 0.0, 
  "鶩": 0.0, 
  "鶱": 0.0, 
  "鶿": 0.0, 
  "鷁": 0.0, 
  "鷚": 0.0, 
  "鷥": 0.0, 
  "鷳": 0.0, 
  "鸝": 0.0, 
  "鸰": 0.0, 
  "鸶": 0.0, 
  "鸹": 0.0, 
  "鹂": 0.0, 
  "鹃": 0.0, 
  "鹆": 0.0, 
  "鹇": 0.0, 
  "鹉": 0.0, 
  "鹋": 0.0, 
  "鹓": 0.0, 
  "鹕": 0.0, 
  "鹗": 0.0, 
  "鹚": 0.0, 
  "鹜": 0.0, 
  "鹢": 0.0, 
  "鹨": 0.0, 
  "鹮": 0.0, 
  "麓": 0.0, 
  "麕": 0.0, 
  "麞": 0.0, 
  "麰": 0.0, 
  "麼": 0.047619047619047616, 
  "麽": 0.0, 
  "黒": 0.0, 
  "黙": 0.0, 
  "黡": 0.0, 
  "黪": 0.0, 
  "黲": 0.0, 
  "黶": 0.0, 
  "黹": 0.0, 
  "黻": 0.0, 
  "鼉": 0.0, 
  "鼍": 0.0, 
  "鼐": 0.0, 
  "鼗": 0.0, 
  "鼙": 0.0, 
  "齇": 0.0, 
  "齡": 0.013422818791946308, 
  "齣": 0.0, 
  "齪": 0.0, 
  "齬": 0.0, 
  "龄": 0.013245033112582781, 
  "龉": 0.0, 
  "龊": 0.0, 
  "龕": 0.0, 
  "龛": 0.0, 
  "！": 0.0, 
  "（": 0.0, 
  "）": 0.0, 
  "＋": 0.0, 
  "，": 0.0, 
  "？": 0.0, 
  "Ｉ": 0.0, 
  "ａ": 0.0, 
  "ｉ": 0.0, 
  "ｏ": 0.0
}