{
  "\t": 0.0, 
  "\n": 0.0, 
  " ": 0.0, 
  "&": 0.0, 
  "'": 0.0, 
  "(": 0.0, 
  "*": 0.0, 
  ",": 0.0, 
  "-": 0.0, 
  ".": 0.0, 
  "/": 0.0, 
  ">": 0.0, 
  "@": 0.0, 
  "A": 0.046153846153846156, 
  "C": 0.0391304347826087, 
  "H": 0.0196078431372549, 
  "I": 0.01951219512195122, 
  "R": 0.021505376344086023, 
  "V": 0.02127659574468085, 
  "X": 0.0, 
  "Z": 0.0, 
  "_": 0.0, 
  "c": 0.02531645569620253, 
  "h": 0.0, 
  "j": 0.0, 
  "o": 0.046153846153846156, 
  "p": 0.046153846153846156, 
  "w": 0.0, 
  "z": 0.0, 
  "·": 0.0, 
  "γ": 0.0, 
  "“": 0.0, 
  "”": 0.0, 
  "•": 0.0, 
  "、": 0.0, 
  "一": 0.04947145877378435, 
  "三": 0.04278175650207312, 
  "不": 0.008777704630239193, 
  "丟": 0.0, 
  "丢": 0.017857142857142856, 
  "並": 0.0106951871657754, 
  "丱": 0.0, 
  "乜": 0.0, 
  "互": 0.022964509394572025, 
  "亓": 0.0, 
  "亳": 0.0, 
  "亸": 0.0, 
  "亹": 0.0, 
  "亻": 0.0, 
  "仉": 0.0, 
  "仡": 0.0, 
  "仫": 0.0, 
  "仵": 0.0, 
  "伈": 0.0, 
  "伉": 0.0, 
  "伛": 0.0, 
  "伢": 0.0, 
  "伫": 0.0, 
  "但": 0.032679738562091505, 
  "佇": 0.0, 
  "佘": 0.0, 
  "佝": 0.0, 
  "佟": 0.0, 
  "佹": 0.0, 
  "佾": 0.0, 
  "侉": 0.0, 
  "侏": 0.0, 
  "侔": 0.0, 
  "侗": 0.0, 
  "侜": 0.0, 
  "侥": 0.0, 
  "侭": 0.0, 
  "侷": 0.0, 
  "俛": 0.0, 
  "俨": 0.0, 
  "俺": 0.0, 
  "俾": 0.0, 
  "倏": 0.0, 
  "倔": 0.0, 
  "倘": 0.0, 
  "倥": 0.0, 
  "倨": 0.0, 
  "偃": 0.0, 
  "偈": 0.0, 
  "偌": 0.0, 
  "偕": 0.0, 
  "偪": 0.0, 
  "偭": 0.0, 
  "偷": 0.03735632183908046, 
  "偺": 0.0, 
  "偾": 0.0, 
  "傀": 0.0, 
  "傈": 0.0, 
  "傜": 0.0, 
  "傢": 0.0, 
  "傣": 0.0, 
  "傧": 0.0, 
  "傩": 0.0, 
  "傫": 0.0, 
  "催": 0.0, 
  "傴": 0.0, 
  "僄": 0.0, 
  "僥": 0.0, 
  "僨": 0.0, 
  "僪": 0.0, 
  "僭": 0.0, 
  "僿": 0.0, 
  "儆": 0.0, 
  "儐": 0.0, 
  "儗": 0.0, 
  "儺": 0.0, 
  "儼": 0.0, 
  "兕": 0.0, 
  "兖": 0.0, 
  "兗": 0.0, 
  "冁": 0.0, 
  "冓": 0.0, 
  "冯": 0.008438818565400843, 
  "冼": 0.0, 
  "凊": 0.0, 
  "凋": 0.0, 
  "凫": 0.0, 
  "刈": 0.0, 
  "刓": 0.0, 
  "刖": 0.0, 
  "刘": 0.012999071494893221, 
  "刬": 0.0, 
  "刳": 0.0, 
  "刽": 0.0, 
  "刿": 0.0, 
  "剀": 0.0, 
  "剁": 0.0, 
  "剃": 0.0, 
  "剗": 0.0, 
  "剚": 0.0, 
  "剜": 0.0, 
  "剴": 0.0, 
  "剷": 0.0, 
  "剸": 0.0, 
  "剽": 0.0, 
  "劄": 0.0, 
  "劉": 0.01317027281279398, 
  "劊": 0.0, 
  "劌": 0.0, 
  "劚": 0.0, 
  "劬": 0.0, 
  "劻": 0.0, 
  "勐": 0.0, 
  "勗": 0.0, 
  "匈": 0.0, 
  "匍": 0.0, 
  "匏": 0.0, 
  "匕": 0.0, 
  "匟": 0.0, 
  "匽": 0.0, 
  "十": 0.020622671633847792, 
  "卟": 0.0, 
  "卬": 0.0, 
  "卮": 0.0, 
  "厍": 0.0, 
  "厙": 0.0, 
  "另": 0.04216867469879518, 
  "叮": 0.0425531914893617, 
  "叵": 0.0, 
  "各": 0.03565640194489465, 
  "吆": 0.0, 
  "吖": 0.0, 
  "吡": 0.0, 
  "吰": 0.0, 
  "吲": 0.0, 
  "吳": 0.028846153846153848, 
  "吴": 0.02861035422343324, 
  "呃": 0.0, 
  "呋": 0.0, 
  "呒": 0.0, 
  "呲": 0.0, 
  "呴": 0.0, 
  "呶": 0.0, 
  "呷": 0.0, 
  "呻": 0.0, 
  "咂": 0.0, 
  "咆": 0.0, 
  "咋": 0.0, 
  "咔": 0.0, 
  "咖": 0.0, 
  "咨": 0.0, 
  "咩": 0.0, 
  "咫": 0.0, 
  "咭": 0.0, 
  "咮": 0.0, 
  "咱": 0.0, 
  "咶": 0.0, 
  "咷": 0.0, 
  "咾": 0.0, 
  "咿": 0.0, 
  "哂": 0.0, 
  "哆": 0.0, 
  "哌": 0.0, 
  "哎": 0.0, 
  "哐": 0.0, 
  "哔": 0.0, 
  "哙": 0.0, 
  "哪": 0.02631578947368421, 
  "哽": 0.0, 
  "唉": 0.0, 
  "唏": 0.0, 
  "唢": 0.0, 
  "唯": 0.042328042328042326, 
  "唾": 0.0, 
  "唿": 0.0, 
  "啁": 0.0, 
  "啖": 0.0, 
  "啛": 0.0, 
  "啜": 0.0, 
  "啫": 0.0, 
  "喔": 0.0, 
  "喣": 0.0, 
  "嗅": 0.0, 
  "嗉": 0.0, 
  "嗍": 0.0, 
  "嗜": 0.0, 
  "嗡": 0.038461538461538464, 
  "嗨": 0.0, 
  "嗩": 0.0, 
  "嗫": 0.0, 
  "嗬": 0.0, 
  "嗯": 0.0, 
  "嗳": 0.0, 
  "嗶": 0.0, 
  "嘁": 0.0, 
  "嘈": 0.0, 
  "嘌": 0.0, 
  "嘍": 0.0, 
  "嘣": 0.0, 
  "嘧": 0.0, 
  "嘸": 0.0, 
  "嘹": 0.0, 
  "噀": 0.0, 
  "噁": 0.0, 
  "噍": 0.0, 
  "噗": 0.0, 
  "噘": 0.0, 
  "噙": 0.0, 
  "噢": 0.0, 
  "噫": 0.0, 
  "噯": 0.0, 
  "噱": 0.0, 
  "噲": 0.0, 
  "噼": 0.0, 
  "嚘": 0.0, 
  "嚚": 0.0, 
  "嚬": 0.0, 
  "嚲": 0.0, 
  "囁": 0.0, 
  "囅": 0.0, 
  "囍": 0.0, 
  "囓": 0.0, 
  "囟": 0.0, 
  "囫": 0.0, 
  "囹": 0.0, 
  "圉": 0.0, 
  "圪": 0.0, 
  "坌": 0.0, 
  "坩": 0.0, 
  "坼": 0.0, 
  "垃": 0.04081632653061224, 
  "垡": 0.0, 
  "埕": 0.0, 
  "埜": 0.0, 
  "埳": 0.0, 
  "埴": 0.0, 
  "埽": 0.0, 
  "堀": 0.0, 
  "堙": 0.0, 
  "堦": 0.0, 
  "墁": 0.0, 
  "墐": 0.0, 
  "壅": 0.0, 
  "壬": 0.0, 
  "壷": 0.0, 
  "壹": 0.045454545454545456, 
  "夙": 0.0, 
  "奓": 0.0, 
  "奱": 0.0, 
  "她": 0.0, 
  "奼": 0.0, 
  "妊": 0.0, 
  "妗": 0.0, 
  "妩": 0.0, 
  "妯": 0.0, 
  "姘": 0.0, 
  "姚": 0.037209302325581395, 
  "姣": 0.0, 
  "姱": 0.0, 
  "姹": 0.0, 
  "娈": 0.0, 
  "娮": 0.0, 
  "婀": 0.0, 
  "婊": 0.0, 
  "婑": 0.0, 
  "婺": 0.0, 
  "媟": 0.0, 
  "媮": 0.0, 
  "媲": 0.0, 
  "媵": 0.0, 
  "媿": 0.0, 
  "嫖": 0.0, 
  "嫘": 0.0, 
  "嫚": 0.0, 
  "嫠": 0.0, 
  "嫡": 0.0, 
  "嫦": 0.0, 
  "嫪": 0.0, 
  "嫫": 0.0, 
  "嫵": 0.0, 
  "嬴": 0.0, 
  "孌": 0.0, 
  "孑": 0.0, 
  "孢": 0.04225352112676056, 
  "孪": 0.0, 
  "孬": 0.0, 
  "孰": 0.0, 
  "孱": 0.0, 
  "孳": 0.0, 
  "孵": 0.0, 
  "孿": 0.0, 
  "宋": 0.03504928806133625, 
  "寤": 0.0, 
  "尕": 0.0, 
  "尢": 0.0, 
  "尥": 0.0, 
  "尨": 0.0, 
  "尴": 0.0, 
  "尷": 0.0, 
  "尻": 0.0, 
  "屌": 0.0, 
  "屙": 0.0, 
  "屦": 0.0, 
  "屨": 0.0, 
  "屺": 0.0, 
  "岘": 0.0, 
  "岜": 0.0, 
  "岞": 0.0, 
  "岢": 0.0, 
  "岬": 0.0, 
  "岿": 0.0, 
  "峄": 0.0, 
  "峣": 0.0, 
  "峴": 0.0, 
  "崁": 0.0, 
  "崂": 0.0, 
  "崄": 0.0, 
  "崆": 0.0, 
  "崑": 0.0, 
  "崔": 0.0, 
  "崕": 0.0, 
  "崚": 0.0, 
  "崟": 0.0, 
  "崤": 0.0, 
  "崦": 0.0, 
  "崧": 0.0, 
  "嵇": 0.0, 
  "嵊": 0.0, 
  "嵚": 0.0, 
  "嵛": 0.0, 
  "嵯": 0.0, 
  "嵴": 0.0, 
  "嶅": 0.0, 
  "嶔": 0.0, 
  "嶗": 0.0, 
  "嶢": 0.0, 
  "嶧": 0.0, 
  "嶮": 0.0, 
  "巉": 0.0, 
  "巋": 0.0, 
  "左": 0.04473684210526316, 
  "巯": 0.0, 
  "巰": 0.0, 
  "帏": 0.0, 
  "帡": 0.0, 
  "帢": 0.0, 
  "幃": 0.0, 
  "幙": 0.0, 
  "幞": 0.0, 
  "幪": 0.0, 
  "幷": 0.0, 
  "幾": 0.04212454212454213, 
  "庀": 0.0, 
  "庹": 0.0, 
  "庾": 0.0, 
  "廖": 0.0, 
  "廿": 0.0196078431372549, 
  "弑": 0.0, 
  "弒": 0.0, 
  "弢": 0.0, 
  "弸": 0.0, 
  "彀": 0.0, 
  "彳": 0.0, 
  "彷": 0.0, 
  "徂": 0.0, 
  "徇": 0.0, 
  "很": 0.023255813953488372, 
  "徐": 0.0196078431372549, 
  "徘": 0.0, 
  "徜": 0.0, 
  "徬": 0.0, 
  "徭": 0.0, 
  "徯": 0.0, 
  "徼": 0.0, 
  "忐": 0.0, 
  "忝": 0.0, 
  "忭": 0.0, 
  "忮": 0.0, 
  "忸": 0.0, 
  "怂": 0.0, 
  "怃": 0.0, 
  "怄": 0.0, 
  "怍": 0.0, 
  "怎": 0.025974025974025976, 
  "怙": 0.0, 
  "怛": 0.0, 
  "怫": 0.0, 
  "总": 0.045207956600361664, 
  "恁": 0.0, 
  "恑": 0.0, 
  "恠": 0.0, 
  "恫": 0.0, 
  "悃": 0.0, 
  "悭": 0.0, 
  "悱": 0.0, 
  "惆": 0.0, 
  "惙": 0.0, 
  "惝": 0.0, 
  "惦": 0.0, 
  "惬": 0.0, 
  "愀": 0.0, 
  "愊": 0.0, 
  "愍": 0.0, 
  "愒": 0.0, 
  "愜": 0.0, 
  "愠": 0.0, 
  "慇": 0.0, 
  "慍": 0.0, 
  "慪": 0.0, 
  "慫": 0.0, 
  "慳": 0.0, 
  "慵": 0.0, 
  "憋": 0.0, 
  "憍": 0.0, 
  "憔": 0.0, 
  "憮": 0.0, 
  "憰": 0.0, 
  "懊": 0.0, 
  "懗": 0.0, 
  "懞": 0.0, 
  "懬": 0.0, 
  "懵": 0.045454545454545456, 
  "戆": 0.0, 
  "戇": 0.0, 
  "戕": 0.0, 
  "戛": 0.0, 
  "戡": 0.0, 
  "戢": 0.0, 
  "戥": 0.0, 
  "戩": 0.0, 
  "戬": 0.0, 
  "扃": 0.0, 
  "扔": 0.0, 
  "扛": 0.0, 
  "扞": 0.0, 
  "扢": 0.0, 
  "扦": 0.0, 
  "扩": 0.02142857142857143, 
  "扪": 0.0, 
  "扳": 0.023809523809523808, 
  "抂": 0.0, 
  "抃": 0.0, 
  "抆": 0.0, 
  "抉": 0.0, 
  "抔": 0.0, 
  "抛": 0.0, 
  "抟": 0.0, 
  "抨": 0.0, 
  "抶": 0.0, 
  "抷": 0.0, 
  "抽": 0.040625, 
  "拄": 0.0, 
  "拇": 0.0, 
  "拈": 0.02127659574468085, 
  "拊": 0.0, 
  "拋": 0.0, 
  "拎": 0.0, 
  "拚": 0.0, 
  "拮": 0.0, 
  "挎": 0.0, 
  "挢": 0.0, 
  "挦": 0.0, 
  "挹": 0.0, 
  "挼": 0.0, 
  "捂": 0.0, 
  "捅": 0.0, 
  "捇": 0.0, 
  "捌": 0.0, 
  "捍": 0.0, 
  "捎": 0.0, 
  "捫": 0.0, 
  "捭": 0.0, 
  "捯": 0.0, 
  "捰": 0.0, 
  "捱": 0.030303030303030304, 
  "捵": 0.0, 
  "捶": 0.03333333333333333, 
  "掀": 0.0, 
  "掊": 0.0, 
  "掎": 0.0, 
  "掐": 0.038461538461538464, 
  "掞": 0.0, 
  "掮": 0.0, 
  "掳": 0.0, 
  "掴": 0.0, 
  "掸": 0.0, 
  "掺": 0.0, 
  "掼": 0.0, 
  "掾": 0.0, 
  "掿": 0.0, 
  "揎": 0.0, 
  "揜": 0.0, 
  "揠": 0.0, 
  "揪": 0.0, 
  "揭": 0.037383177570093455, 
  "揶": 0.0, 
  "揹": 0.0, 
  "揾": 0.0, 
  "揿": 0.0, 
  "搀": 0.0, 
  "搆": 0.0, 
  "搌": 0.0, 
  "搔": 0.0, 
  "搕": 0.0, 
  "搘": 0.0, 
  "搜": 0.038461538461538464, 
  "搠": 0.0, 
  "搢": 0.0, 
  "搤": 0.0, 
  "搥": 0.0, 
  "搧": 0.0, 
  "搨": 0.0, 
  "搴": 0.0, 
  "搵": 0.0, 
  "搽": 0.0, 
  "摀": 0.0, 
  "摁": 0.0, 
  "摅": 0.0, 
  "摈": 0.0, 
  "摑": 0.0, 
  "摒": 0.0, 
  "摛": 0.0, 
  "摜": 0.0, 
  "摭": 0.0, 
  "摶": 0.0, 
  "摻": 0.0, 
  "摽": 0.0, 
  "撂": 0.0, 
  "撄": 0.0, 
  "撏": 0.0, 
  "撕": 0.047619047619047616, 
  "撙": 0.0, 
  "撟": 0.0, 
  "撢": 0.0, 
  "撣": 0.0, 
  "撧": 0.0, 
  "撩": 0.0, 
  "撬": 0.0, 
  "撳": 0.0, 
  "撵": 0.0, 
  "撸": 0.0, 
  "撺": 0.0, 
  "擀": 0.0, 
  "擄": 0.0, 
  "擐": 0.0, 
  "擗": 0.0, 
  "擣": 0.0, 
  "擩": 0.0, 
  "擯": 0.0, 
  "擴": 0.02142857142857143, 
  "擼": 0.0, 
  "擿": 0.0, 
  "攄": 0.0, 
  "攆": 0.0, 
  "攖": 0.0, 
  "攙": 0.0, 
  "攛": 0.0, 
  "攞": 0.0, 
  "攧": 0.0, 
  "攫": 0.0, 
  "攮": 0.0, 
  "攸": 0.0, 
  "敁": 0.0, 
  "敉": 0.0, 
  "敩": 0.0, 
  "斠": 0.0, 
  "斡": 0.0, 
  "斲": 0.0, 
  "斵": 0.0, 
  "旄": 0.0, 
  "旖": 0.0, 
  "无": 0.026626093571700267, 
  "旡": 0.0, 
  "旮": 0.0, 
  "旴": 0.0, 
  "旸": 0.0, 
  "昙": 0.0, 
  "昝": 0.0, 
  "昨": 0.0, 
  "昬": 0.0, 
  "晁": 0.0, 
  "晬": 0.0, 
  "晾": 0.0, 
  "暂": 0.02127659574468085, 
  "暌": 0.0, 
  "暘": 0.0, 
  "暝": 0.0, 
  "暧": 0.0, 
  "暫": 0.02197802197802198, 
  "暹": 0.0, 
  "曇": 0.0, 
  "曏": 0.0, 
  "曖": 0.0, 
  "曚": 0.0, 
  "曱": 0.0, 
  "曷": 0.0, 
  "最": 0.022727272727272728, 
  "朊": 0.0, 
  "杅": 0.0, 
  "李": 0.03361344537815126, 
  "杞": 0.047619047619047616, 
  "杳": 0.047619047619047616, 
  "枇": 0.0, 
  "枘": 0.0, 
  "枞": 0.0, 
  "枳": 0.0, 
  "枴": 0.0, 
  "枵": 0.0, 
  "枸": 0.0, 
  "枿": 0.0, 
  "柒": 0.0, 
  "柘": 0.0, 
  "柞": 0.0, 
  "柠": 0.0, 
  "柰": 0.0, 
  "柽": 0.0, 
  "栀": 0.0, 
  "栝": 0.0, 
  "栟": 0.0, 
  "栱": 0.0, 
  "栲": 0.0, 
  "栾": 0.0, 
  "桁": 0.0, 
  "桄": 0.0, 
  "桊": 0.0, 
  "桎": 0.0, 
  "桡": 0.0, 
  "桫": 0.0, 
  "桮": 0.0, 
  "桴": 0.0, 
  "梃": 0.0, 
  "梔": 0.0, 
  "梽": 0.0, 
  "棊": 0.0, 
  "棓": 0.0, 
  "棬": 0.0, 
  "棹": 0.0, 
  "椋": 0.0, 
  "椟": 0.0, 
  "椠": 0.0, 
  "椭": 0.0, 
  "楛": 0.0, 
  "楮": 0.0, 
  "楺": 0.0, 
  "楽": 0.0, 
  "榱": 0.0, 
  "榾": 0.0, 
  "槊": 0.0, 
  "槧": 0.0, 
  "槲": 0.0, 
  "樅": 0.0, 
  "樗": 0.0, 
  "樱": 0.047619047619047616, 
  "橄": 0.0, 
  "橈": 0.0, 
  "橐": 0.0, 
  "橛": 0.0, 
  "橡": 0.013422818791946308, 
  "橢": 0.0, 
  "檁": 0.0, 
  "檄": 0.0, 
  "檉": 0.0, 
  "檑": 0.0, 
  "檩": 0.0, 
  "檵": 0.0, 
  "檸": 0.0, 
  "檾": 0.0, 
  "櫜": 0.0, 
  "櫝": 0.0, 
  "櫻": 0.047619047619047616, 
  "欒": 0.0, 
  "欸": 0.0, 
  "欹": 0.0, 
  "欻": 0.0, 
  "欿": 0.0, 
  "歃": 0.0, 
  "歙": 0.0, 
  "歜": 0.0, 
  "歿": 0.0, 
  "殁": 0.0, 
  "殄": 0.0, 
  "殉": 0.0, 
  "殚": 0.0, 
  "殣": 0.0, 
  "殫": 0.0, 
  "殭": 0.0, 
  "殽": 0.0, 
  "毋": 0.0, 
  "每": 0.019011406844106463, 
  "毖": 0.0, 
  "毳": 0.0, 
  "氂": 0.0, 
  "氆": 0.0, 
  "氍": 0.0, 
  "氘": 0.0, 
  "氙": 0.0, 
  "氚": 0.0, 
  "氤": 0.0, 
  "氩": 0.0, 
  "氬": 0.0, 
  "氰": 0.043478260869565216, 
  "氵": 0.0, 
  "氽": 0.0, 
  "氾": 0.0, 
  "汜": 0.0, 
  "汨": 0.0, 
  "沆": 0.0, 
  "沏": 0.0, 
  "沔": 0.0, 
  "沘": 0.0, 
  "沤": 0.0, 
  "沩": 0.0, 
  "沮": 0.0, 
  "沴": 0.0, 
  "泅": 0.0, 
  "泐": 0.0, 
  "泔": 0.0, 
  "泫": 0.0, 
  "泷": 0.0, 
  "泸": 0.0, 
  "洄": 0.0, 
  "洇": 0.0, 
  "洈": 0.0, 
  "洩": 0.0, 
  "浈": 0.0, 
  "浉": 0.0, 
  "浏": 0.0, 
  "浞": 0.0, 
  "浠": 0.0, 
  "浯": 0.0, 
  "涑": 0.0, 
  "涓": 0.045454545454545456, 
  "涞": 0.0, 
  "涢": 0.0, 
  "涪": 0.0, 
  "涿": 0.0, 
  "淒": 0.0, 
  "淜": 0.0, 
  "淝": 0.0, 
  "淠": 0.0, 
  "淩": 0.0, 
  "淬": 0.0, 
  "淶": 0.0, 
  "渑": 0.0, 
  "渤": 0.0, 
  "渫": 0.0, 
  "渲": 0.0, 
  "湄": 0.0, 
  "湔": 0.0, 
  "湞": 0.0, 
  "湮": 0.0, 
  "溆": 0.0, 
  "溓": 0.0, 
  "溘": 0.0, 
  "溧": 0.0, 
  "溲": 0.0, 
  "溴": 0.0, 
  "溵": 0.0, 
  "溷": 0.0, 
  "溽": 0.0, 
  "滁": 0.0, 
  "滂": 0.0, 
  "滏": 0.0, 
  "滹": 0.0, 
  "漚": 0.0, 
  "漩": 0.0, 
  "漯": 0.0, 
  "漵": 0.0, 
  "潋": 0.0, 
  "潍": 0.0, 
  "潙": 0.0, 
  "潟": 0.0, 
  "潠": 0.0, 
  "潲": 0.0, 
  "潴": 0.0, 
  "澉": 0.0, 
  "澠": 0.0, 
  "澥": 0.0, 
  "澹": 0.0, 
  "濉": 0.0, 
  "濑": 0.0, 
  "濒": 0.0, 
  "濮": 0.0, 
  "濰": 0.0, 
  "瀏": 0.0, 
  "瀕": 0.0, 
  "瀘": 0.0, 
  "瀦": 0.0, 
  "瀧": 0.0, 
  "瀨": 0.0, 
  "瀰": 0.0, 
  "瀲": 0.0, 
  "灕": 0.0, 
  "灞": 0.0, 
  "灨": 0.0, 
  "炀": 0.0, 
  "炅": 0.0, 
  "炫": 0.029411764705882353, 
  "炰": 0.0, 
  "炻": 0.0, 
  "烜": 0.0, 
  "烝": 0.0, 
  "烹": 0.03773584905660377, 
  "焓": 0.0, 
  "焖": 0.0, 
  "焗": 0.0, 
  "無": 0.026630644538788113, 
  "焮": 0.0, 
  "焼": 0.0, 
  "煅": 0.0, 
  "煖": 0.0, 
  "煢": 0.0, 
  "煨": 0.0, 
  "煬": 0.0, 
  "煸": 0.0, 
  "煽": 0.0, 
  "熘": 0.0, 
  "熲": 0.0, 
  "燊": 0.0, 
  "燋": 0.0, 
  "燔": 0.0, 
  "燜": 0.0, 
  "爇": 0.0, 
  "牝": 0.0, 
  "牡": 0.0, 
  "牦": 0.0, 
  "牯": 0.0, 
  "牴": 0.0, 
  "牺": 0.0, 
  "犄": 0.0, 
  "犍": 0.0, 
  "犒": 0.0, 
  "犛": 0.0, 
  "犧": 0.0, 
  "犰": 0.0, 
  "狃": 0.0, 
  "狍": 0.0, 
  "狎": 0.0, 
  "狙": 0.0, 
  "狟": 0.0, 
  "狡": 0.02702702702702703, 
  "狥": 0.0, 
  "狧": 0.0, 
  "狰": 0.0, 
  "狴": 0.0, 
  "狷": 0.0, 
  "狺": 0.0, 
  "狻": 0.0, 
  "猕": 0.0, 
  "猖": 0.0, 
  "猙": 0.0, 
  "猞": 0.0, 
  "猢": 0.0, 
  "猥": 0.043478260869565216, 
  "猧": 0.0, 
  "猱": 0.0, 
  "獐": 0.0, 
  "獬": 0.0, 
  "獼": 0.0, 
  "玎": 0.0, 
  "玳": 0.0, 
  "玷": 0.0, 
  "玻": 0.010582010582010581, 
  "珐": 0.0, 
  "珙": 0.0, 
  "珧": 0.0, 
  "珮": 0.0, 
  "琉": 0.0, 
  "琊": 0.0, 
  "琥": 0.0, 
  "琱": 0.0, 
  "琵": 0.0, 
  "琺": 0.0, 
  "瑳": 0.0, 
  "瑷": 0.0, 
  "璀": 0.0, 
  "璁": 0.0, 
  "璎": 0.0, 
  "璟": 0.0, 
  "璦": 0.0, 
  "瓔": 0.0, 
  "瓞": 0.0, 
  "瓿": 0.0, 
  "甄": 0.03389830508474576, 
  "甍": 0.0, 
  "甑": 0.0, 
  "甭": 0.0, 
  "甾": 0.0, 
  "畀": 0.0, 
  "畋": 0.0, 
  "畚": 0.0, 
  "畛": 0.0, 
  "畹": 0.0, 
  "疖": 0.0, 
  "疙": 0.0, 
  "疝": 0.0, 
  "疰": 0.0, 
  "痀": 0.0, 
  "痄": 0.0, 
  "痉": 0.0, 
  "痊": 0.0, 
  "痌": 0.0, 
  "痙": 0.0, 
  "痤": 0.0, 
  "痦": 0.0, 
  "痱": 0.0, 
  "痲": 0.0, 
  "痳": 0.0, 
  "痼": 0.0, 
  "瘅": 0.0, 
  "瘈": 0.0, 
  "瘊": 0.0, 
  "瘏": 0.0, 
  "瘗": 0.0, 
  "瘙": 0.0, 
  "瘞": 0.0, 
  "瘢": 0.0, 
  "瘰": 0.0, 
  "瘸": 0.0, 
  "癃": 0.0, 
  "癉": 0.0, 
  "癔": 0.0, 
  "癞": 0.0, 
  "癤": 0.0, 
  "癩": 0.0, 
  "百": 0.04129263913824058, 
  "皎": 0.0, 
  "皲": 0.0, 
  "皴": 0.0, 
  "皸": 0.0, 
  "盎": 0.0, 
  "盥": 0.0, 
  "盱": 0.0, 
  "眄": 0.0, 
  "眇": 0.0, 
  "眍": 0.0, 
  "眐": 0.0, 
  "眢": 0.0, 
  "眴": 0.0, 
  "睃": 0.0, 
  "睖": 0.0, 
  "睚": 0.0, 
  "睟": 0.0, 
  "睥": 0.0, 
  "瞌": 0.0, 
  "瞑": 0.0, 
  "瞘": 0.0, 
  "瞟": 0.0, 
  "瞠": 0.0, 
  "瞢": 0.0, 
  "瞵": 0.0, 
  "瞽": 0.0, 
  "矍": 0.0, 
  "矫": 0.045454545454545456, 
  "矬": 0.0, 
  "矯": 0.046153846153846156, 
  "矸": 0.0, 
  "矽": 0.0, 
  "砀": 0.0, 
  "砆": 0.0, 
  "砉": 0.0, 
  "砑": 0.0, 
  "砒": 0.0, 
  "砗": 0.0, 
  "砝": 0.0, 
  "砟": 0.0, 
  "砠": 0.0, 
  "砥": 0.0, 
  "砬": 0.0, 
  "砼": 0.0, 
  "硁": 0.0, 
  "硇": 0.0, 
  "硖": 0.0, 
  "硗": 0.0, 
  "硚": 0.0, 
  "硜": 0.0, 
  "硤": 0.0, 
  "硨": 0.0, 
  "硷": 0.0, 
  "碉": 0.0, 
  "碔": 0.0, 
  "碫": 0.0, 
  "碭": 0.0, 
  "碲": 0.0, 
  "磕": 0.0, 
  "磝": 0.0, 
  "磠": 0.0, 
  "磴": 0.0, 
  "磻": 0.0, 
  "磽": 0.0, 
  "礞": 0.0, 
  "礤": 0.0, 
  "礲": 0.0, 
  "祆": 0.0, 
  "祛": 0.0, 
  "祢": 0.0, 
  "祲": 0.0, 
  "祼": 0.0, 
  "禠": 0.0, 
  "禰": 0.0, 
  "禳": 0.0, 
  "秈": 0.0, 
  "秫": 0.0, 
  "秭": 0.0, 
  "秾": 0.0, 
  "稂": 0.0, 
  "稍": 0.021739130434782608, 
  "稗": 0.0, 
  "穅": 0.0, 
  "穠": 0.0, 
  "窀": 0.0, 
  "窈": 0.0, 
  "窒": 0.0, 
  "窨": 0.0, 
  "竞": 0.04411764705882353, 
  "竦": 0.0, 
  "競": 0.04411764705882353, 
  "笊": 0.0, 
  "笕": 0.0, 
  "笤": 0.0, 
  "笥": 0.0, 
  "笫": 0.0, 
  "第": 0.03922473465620674, 
  "笸": 0.0, 
  "筇": 0.0, 
  "筌": 0.0, 
  "筚": 0.0, 
  "筢": 0.0, 
  "筦": 0.0, 
  "筧": 0.0, 
  "筱": 0.0, 
  "筲": 0.0, 
  "箅": 0.0, 
  "箑": 0.0, 
  "箘": 0.0, 
  "箜": 0.0, 
  "箝": 0.0, 
  "箪": 0.0, 
  "箬": 0.0, 
  "篝": 0.0, 
  "篡": 0.0, 
  "篲": 0.0, 
  "篳": 0.0, 
  "簋": 0.0, 
  "簑": 0.0, 
  "簞": 0.0, 
  "簟": 0.0, 
  "簠": 0.0, 
  "簰": 0.0, 
  "籚": 0.0, 
  "籼": 0.0, 
  "粘": 0.018292682926829267, 
  "粜": 0.0, 
  "粲": 0.0, 
  "粽": 0.0, 
  "糉": 0.0, 
  "糌": 0.0, 
  "糍": 0.0, 
  "糗": 0.0, 
  "糢": 0.0, 
  "糨": 0.0, 
  "糶": 0.0, 
  "紈": 0.0, 
  "紕": 0.0, 
  "紘": 0.0, 
  "紵": 0.0, 
  "絎": 0.0, 
  "絛": 0.0, 
  "絞": 0.04, 
  "絢": 0.0, 
  "綆": 0.0, 
  "綈": 0.0, 
  "綦": 0.0, 
  "綰": 0.0, 
  "綷": 0.0, 
  "綺": 0.038461538461538464, 
  "綾": 0.0, 
  "緄": 0.0, 
  "緋": 0.0, 
  "緙": 0.0, 
  "緦": 0.0, 
  "縑": 0.0, 
  "縕": 0.0, 
  "縗": 0.0, 
  "縝": 0.0, 
  "縲": 0.0, 
  "縹": 0.0, 
  "縺": 0.0, 
  "總": 0.04411764705882353, 
  "繅": 0.0, 
  "繢": 0.0, 
  "繽": 0.0, 
  "繾": 0.0, 
  "纘": 0.0, 
  "纨": 0.0, 
  "纮": 0.0, 
  "纰": 0.0, 
  "纻": 0.0, 
  "绗": 0.0, 
  "绚": 0.0, 
  "绞": 0.04, 
  "绠": 0.0, 
  "绦": 0.0, 
  "绨": 0.0, 
  "绫": 0.0, 
  "绮": 0.038461538461538464, 
  "绯": 0.0, 
  "绲": 0.0, 
  "绾": 0.0, 
  "缂": 0.0, 
  "缊": 0.0, 
  "缋": 0.0, 
  "缌": 0.0, 
  "缜": 0.0, 
  "缣": 0.0, 
  "缤": 0.0, 
  "缥": 0.0, 
  "缧": 0.0, 
  "缫": 0.0, 
  "缱": 0.0, 
  "缵": 0.0, 
  "罂": 0.0, 
  "罅": 0.0, 
  "罌": 0.0, 
  "罍": 0.0, 
  "罣": 0.0, 
  "罨": 0.0, 
  "罱": 0.0, 
  "罴": 0.0, 
  "罹": 0.0, 
  "羆": 0.0, 
  "羇": 0.0, 
  "羖": 0.0, 
  "羝": 0.0, 
  "羟": 0.0, 
  "羥": 0.0, 
  "羰": 0.0, 
  "羸": 0.0, 
  "翌": 0.0, 
  "翕": 0.0, 
  "翚": 0.0, 
  "翡": 0.0, 
  "翦": 0.0, 
  "翱": 0.0, 
  "耄": 0.0, 
  "而": 0.03357472021066491, 
  "耒": 0.0, 
  "耦": 0.0, 
  "耨": 0.0, 
  "耪": 0.0, 
  "耵": 0.0, 
  "聂": 0.038461538461538464, 
  "聱": 0.0, 
  "聶": 0.038461538461538464, 
  "聿": 0.0, 
  "肄": 0.0, 
  "肇": 0.03896103896103896, 
  "肐": 0.0, 
  "肭": 0.0, 
  "肮": 0.0, 
  "胙": 0.0, 
  "胠": 0.0, 
  "胪": 0.0, 
  "胬": 0.0, 
  "胭": 0.0, 
  "胯": 0.0, 
  "胳": 0.0, 
  "胴": 0.0, 
  "胼": 0.0, 
  "脍": 0.0, 
  "脥": 0.0, 
  "脰": 0.0, 
  "腌": 0.0, 
  "腠": 0.0, 
  "腧": 0.0, 
  "腼": 0.0, 
  "腽": 0.0, 
  "膂": 0.0, 
  "膃": 0.0, 
  "膙": 0.0, 
  "膨": 0.014492753623188406, 
  "膾": 0.0, 
  "臃": 0.0, 
  "臌": 0.0, 
  "臚": 0.0, 
  "臡": 0.0, 
  "自": 0.048796147672552165, 
  "舄": 0.0, 
  "舐": 0.0, 
  "舔": 0.0, 
  "舢": 0.0, 
  "舣": 0.0, 
  "舳": 0.0, 
  "舴": 0.0, 
  "舸": 0.0, 
  "舾": 0.0, 
  "艄": 0.0, 
  "艤": 0.0, 
  "艨": 0.0, 
  "艴": 0.0, 
  "艹": 0.0, 
  "芗": 0.0, 
  "芟": 0.0, 
  "芤": 0.0, 
  "芫": 0.0, 
  "芭": 0.0, 
  "苁": 0.0, 
  "苈": 0.0, 
  "苎": 0.0, 
  "苘": 0.0, 
  "苜": 0.0, 
  "苤": 0.0, 
  "苧": 0.0, 
  "苫": 0.047619047619047616, 
  "苴": 0.0, 
  "苻": 0.0, 
  "茁": 0.0, 
  "茌": 0.0, 
  "茑": 0.0, 
  "茕": 0.0, 
  "茚": 0.0, 
  "茝": 0.0, 
  "茞": 0.0, 
  "茭": 0.0, 
  "茯": 0.0, 
  "茱": 0.0, 
  "茳": 0.0, 
  "茴": 0.0, 
  "茺": 0.0, 
  "茼": 0.0, 
  "荇": 0.0, 
  "荨": 0.0, 
  "荬": 0.0, 
  "荸": 0.0, 
  "莅": 0.0, 
  "莆": 0.0, 
  "莋": 0.0, 
  "莒": 0.0, 
  "莛": 0.0, 
  "莜": 0.0, 
  "莩": 0.0, 
  "莳": 0.0, 
  "莴": 0.0, 
  "莶": 0.0, 
  "莸": 0.0, 
  "莼": 0.0, 
  "菎": 0.0, 
  "菏": 0.0, 
  "菖": 0.0, 
  "菝": 0.0, 
  "萆": 0.0, 
  "萵": 0.0, 
  "萹": 0.0, 
  "葙": 0.0, 
  "葡": 0.013513513513513514, 
  "董": 0.04721030042918455, 
  "葫": 0.0273972602739726, 
  "葭": 0.0, 
  "葶": 0.0, 
  "蒋": 0.01639344262295082, 
  "蒌": 0.0, 
  "蒐": 0.0, 
  "蒔": 0.0, 
  "蒞": 0.0, 
  "蒯": 0.0, 
  "蒴": 0.0, 
  "蒹": 0.0, 
  "蒺": 0.0, 
  "蓇": 0.0, 
  "蓊": 0.0, 
  "蓍": 0.0, 
  "蓑": 0.0, 
  "蓖": 0.0, 
  "蓦": 0.0, 
  "蓯": 0.0, 
  "蓴": 0.0, 
  "蔀": 0.0, 
  "蔊": 0.0, 
  "蔞": 0.0, 
  "蔡": 0.030042918454935622, 
  "蔣": 0.01639344262295082, 
  "蔦": 0.0, 
  "蔪": 0.0, 
  "蔷": 0.0, 
  "蕁": 0.0, 
  "蕒": 0.0, 
  "蕓": 0.0, 
  "蕕": 0.0, 
  "蕞": 0.0, 
  "蕲": 0.0, 
  "蕹": 0.0, 
  "蕺": 0.0, 
  "薌": 0.0, 
  "薏": 0.0, 
  "薔": 0.0, 
  "薛": 0.0410958904109589, 
  "薜": 0.0, 
  "薟": 0.0, 
  "薡": 0.0, 
  "薤": 0.0, 
  "藁": 0.0, 
  "藋": 0.0, 
  "藐": 0.0, 
  "藠": 0.0, 
  "藶": 0.0, 
  "藿": 0.0, 
  "蘄": 0.0, 
  "蘘": 0.0, 
  "蘼": 0.0, 
  "虬": 0.0, 
  "虮": 0.0, 
  "虯": 0.0, 
  "虺": 0.0, 
  "虼": 0.0, 
  "虽": 0.0, 
  "蚂": 0.0, 
  "蚍": 0.0, 
  "蚚": 0.0, 
  "蚝": 0.0, 
  "蚨": 0.0, 
  "蚩": 0.0, 
  "蚬": 0.0, 
  "蚯": 0.0, 
  "蚵": 0.0, 
  "蛊": 0.0, 
  "蛔": 0.0, 
  "蛞": 0.0, 
  "蛱": 0.0, 
  "蛲": 0.0, 
  "蛴": 0.0, 
  "蛺": 0.0, 
  "蜃": 0.0, 
  "蜆": 0.0, 
  "蜈": 0.0, 
  "蜎": 0.0, 
  "蜑": 0.0, 
  "蜗": 0.03571428571428571, 
  "蜘": 0.04, 
  "蜞": 0.0, 
  "蜣": 0.0, 
  "蜩": 0.0, 
  "蜷": 0.0, 
  "蜻": 0.0, 
  "蜾": 0.0, 
  "蜿": 0.0, 
  "蝌": 0.0, 
  "蝙": 0.0, 
  "蝤": 0.0, 
  "蝮": 0.0, 
  "蝰": 0.0, 
  "蝲": 0.0, 
  "蝴": 0.0, 
  "蝸": 0.03571428571428571, 
  "蝼": 0.0, 
  "蝾": 0.0, 
  "螃": 0.0, 
  "螇": 0.0, 
  "螓": 0.0, 
  "螗": 0.0, 
  "螞": 0.0, 
  "螫": 0.0, 
  "螯": 0.043478260869565216, 
  "螳": 0.0, 
  "螵": 0.0, 
  "螻": 0.0, 
  "螽": 0.0, 
  "蟊": 0.0, 
  "蟋": 0.0, 
  "蟑": 0.0, 
  "蟛": 0.0, 
  "蟣": 0.0, 
  "蟪": 0.0, 
  "蟯": 0.0, 
  "蠐": 0.0, 
  "蠑": 0.0, 
  "蠓": 0.0, 
  "蠔": 0.0, 
  "蠕": 0.04, 
  "蠱": 0.0, 
  "蠲": 0.0, 
  "衖": 0.0, 
  "衚": 0.0, 
  "袁": 0.03389830508474576, 
  "袈": 0.0, 
  "袓": 0.0, 
  "袪": 0.0, 
  "袴": 0.0, 
  "袷": 0.0, 
  "裀": 0.0, 
  "裉": 0.0, 
  "裎": 0.0, 
  "裒": 0.0, 
  "裣": 0.0, 
  "裨": 0.0, 
  "褊": 0.0, 
  "褎": 0.0, 
  "褔": 0.0, 
  "褚": 0.0, 
  "褡": 0.0, 
  "褧": 0.0, 
  "褪": 0.0, 
  "褫": 0.0, 
  "褴": 0.0, 
  "襁": 0.0, 
  "襆": 0.0, 
  "襝": 0.0, 
  "襤": 0.0, 
  "覬": 0.0, 
  "覿": 0.0, 
  "觊": 0.0, 
  "觌": 0.0, 
  "觚": 0.0, 
  "觝": 0.0, 
  "觥": 0.0, 
  "觱": 0.0, 
  "觳": 0.0, 
  "觿": 0.0, 
  "訁": 0.0, 
  "訃": 0.0, 
  "訾": 0.0, 
  "詀": 0.0, 
  "詆": 0.0, 
  "詈": 0.0, 
  "詎": 0.0, 
  "詖": 0.0, 
  "詘": 0.0, 
  "詟": 0.0, 
  "詨": 0.0, 
  "詬": 0.0, 
  "詭": 0.046511627906976744, 
  "詮": 0.0, 
  "詵": 0.0, 
  "詼": 0.0, 
  "誆": 0.0, 
  "誊": 0.0, 
  "誑": 0.0, 
  "誶": 0.0, 
  "諏": 0.0, 
  "諠": 0.0, 
  "諮": 0.0, 
  "謄": 0.0, 
  "謚": 0.0, 
  "謭": 0.0, 
  "謳": 0.0, 
  "謷": 0.0, 
  "謾": 0.0, 
  "譖": 0.0, 
  "譙": 0.0, 
  "譩": 0.0, 
  "譫": 0.0, 
  "譬": 0.0, 
  "譴": 0.0, 
  "譸": 0.0, 
  "譾": 0.0, 
  "讎": 0.0, 
  "讕": 0.0, 
  "讖": 0.0, 
  "讜": 0.0, 
  "讠": 0.0, 
  "讣": 0.0, 
  "讴": 0.0, 
  "讵": 0.0, 
  "诋": 0.0, 
  "诎": 0.0, 
  "诐": 0.0, 
  "诓": 0.0, 
  "诙": 0.0, 
  "诜": 0.0, 
  "诟": 0.0, 
  "诠": 0.0, 
  "诡": 0.046511627906976744, 
  "诪": 0.0, 
  "诳": 0.0, 
  "诹": 0.0, 
  "谇": 0.0, 
  "谠": 0.0, 
  "谥": 0.0, 
  "谩": 0.0, 
  "谫": 0.0, 
  "谮": 0.0, 
  "谯": 0.0, 
  "谰": 0.0, 
  "谴": 0.0, 
  "谵": 0.0, 
  "谶": 0.0, 
  "谹": 0.0, 
  "豇": 0.0, 
  "豌": 0.0, 
  "豢": 0.0, 
  "豨": 0.0, 
  "豺": 0.0, 
  "貊": 0.0, 
  "貎": 0.0, 
  "貔": 0.0, 
  "貤": 0.0, 
  "貪": 0.04477611940298507, 
  "貰": 0.0, 
  "貽": 0.02631578947368421, 
  "賒": 0.0, 
  "賙": 0.0, 
  "賻": 0.0, 
  "賾": 0.0, 
  "贐": 0.0, 
  "贗": 0.0, 
  "贪": 0.04477611940298507, 
  "贳": 0.0, 
  "贻": 0.02631578947368421, 
  "赆": 0.0, 
  "赊": 0.0, 
  "赍": 0.0, 
  "赙": 0.0, 
  "赜": 0.0, 
  "赝": 0.0, 
  "赪": 0.0, 
  "赬": 0.0, 
  "赭": 0.0, 
  "赵": 0.03315881326352531, 
  "趑": 0.0, 
  "趔": 0.0, 
  "趙": 0.033391915641476276, 
  "趴": 0.0, 
  "趵": 0.0, 
  "趸": 0.0, 
  "趿": 0.0, 
  "跅": 0.0, 
  "跆": 0.0, 
  "跏": 0.0, 
  "跗": 0.0, 
  "跛": 0.0, 
  "跣": 0.0, 
  "跧": 0.0, 
  "跨": 0.04597701149425287, 
  "跫": 0.0, 
  "跬": 0.0, 
  "跺": 0.0, 
  "跻": 0.0, 
  "踆": 0.0, 
  "踊": 0.0, 
  "踌": 0.0, 
  "踔": 0.0, 
  "踕": 0.0, 
  "踖": 0.0, 
  "踟": 0.0, 
  "踣": 0.0, 
  "踧": 0.0, 
  "踩": 0.0, 
  "踬": 0.0, 
  "踮": 0.0, 
  "踰": 0.0, 
  "踱": 0.0, 
  "踹": 0.0, 
  "踺": 0.0, 
  "蹀": 0.0, 
  "蹁": 0.0, 
  "蹂": 0.0, 
  "蹉": 0.0, 
  "蹐": 0.0, 
  "蹑": 0.0, 
  "蹧": 0.0, 
  "蹩": 0.0, 
  "蹲": 0.0, 
  "蹿": 0.0, 
  "躂": 0.0, 
  "躉": 0.0, 
  "躊": 0.0, 
  "躋": 0.0, 
  "躓": 0.0, 
  "躡": 0.0, 
  "躥": 0.0, 
  "躭": 0.0, 
  "軔": 0.0, 
  "軲": 0.0, 
  "軼": 0.0, 
  "輅": 0.0, 
  "輜": 0.0, 
  "輶": 0.0, 
  "輾": 0.0, 
  "轓": 0.0, 
  "轣": 0.0, 
  "轫": 0.0, 
  "轱": 0.0, 
  "轶": 0.0, 
  "辂": 0.0, 
  "辎": 0.0, 
  "辗": 0.0, 
  "迂": 0.0, 
  "迄": 0.0, 
  "迆": 0.0, 
  "迍": 0.0, 
  "迒": 0.0, 
  "这": 0.0, 
  "迸": 0.0, 
  "迺": 0.0, 
  "迻": 0.0, 
  "逄": 0.0, 
  "逍": 0.0, 
  "逖": 0.0, 
  "這": 0.0, 
  "逡": 0.0, 
  "逮": 0.0, 
  "逯": 0.0, 
  "逴": 0.0, 
  "逶": 0.0, 
  "逻": 0.04918032786885246, 
  "遄": 0.0, 
  "遑": 0.0, 
  "遒": 0.0, 
  "遘": 0.0, 
  "遛": 0.0, 
  "遝": 0.0, 
  "遨": 0.0, 
  "遯": 0.0, 
  "遴": 0.0, 
  "邂": 0.0, 
  "邋": 0.0, 
  "邏": 0.04918032786885246, 
  "邓": 0.005988023952095809, 
  "邗": 0.0, 
  "邙": 0.0, 
  "邛": 0.0, 
  "邝": 0.0, 
  "邢": 0.04918032786885246, 
  "邬": 0.0, 
  "邯": 0.0, 
  "邰": 0.0, 
  "邱": 0.04040404040404041, 
  "邳": 0.0, 
  "邴": 0.0, 
  "邵": 0.0297029702970297, 
  "邹": 0.0, 
  "郄": 0.0, 
  "郏": 0.0, 
  "郐": 0.0, 
  "郑": 0.0165016501650165, 
  "郓": 0.0, 
  "郗": 0.0, 
  "郝": 0.0, 
  "郟": 0.0, 
  "郧": 0.0, 
  "郫": 0.0, 
  "郭": 0.019650655021834062, 
  "郯": 0.0, 
  "郴": 0.0, 
  "郾": 0.0, 
  "鄄": 0.0, 
  "鄆": 0.0, 
  "鄒": 0.0, 
  "鄔": 0.0, 
  "鄖": 0.0, 
  "鄞": 0.0, 
  "鄧": 0.006024096385542169, 
  "鄭": 0.016666666666666666, 
  "鄯": 0.0, 
  "鄱": 0.0, 
  "鄶": 0.0, 
  "鄺": 0.0, 
  "酆": 0.0, 
  "酖": 0.0, 
  "酗": 0.0, 
  "酝": 0.0, 
  "酩": 0.0, 
  "酾": 0.0, 
  "醃": 0.0, 
  "醍": 0.0, 
  "醎": 0.0, 
  "醞": 0.0, 
  "醡": 0.0, 
  "醲": 0.0, 
  "醴": 0.0, 
  "釃": 0.0, 
  "釹": 0.0, 
  "鈁": 0.0, 
  "鈈": 0.0, 
  "鈑": 0.0, 
  "鈰": 0.0, 
  "鉚": 0.0, 
  "鉥": 0.0, 
  "鉭": 0.0, 
  "鉸": 0.0, 
  "銥": 0.0, 
  "鋃": 0.0, 
  "鋌": 0.0, 
  "鋏": 0.0, 
  "鋥": 0.0, 
  "鋦": 0.0, 
  "錁": 0.0, 
  "錆": 0.0, 
  "錒": 0.0, 
  "錙": 0.0, 
  "錛": 0.0, 
  "錾": 0.0, 
  "鍘": 0.0, 
  "鍥": 0.0, 
  "鎌": 0.0, 
  "鎦": 0.0, 
  "鎧": 0.0, 
  "鎩": 0.0, 
  "鏊": 0.0, 
  "鏖": 0.0, 
  "鏨": 0.0, 
  "鏹": 0.0, 
  "鐃": 0.0, 
  "鐋": 0.0, 
  "鐫": 0.0, 
  "鐾": 0.0, 
  "鑊": 0.0, 
  "鑌": 0.0, 
  "鑞": 0.0, 
  "鑭": 0.0, 
  "鑷": 0.0, 
  "钁": 0.0, 
  "钕": 0.0, 
  "钚": 0.0, 
  "钣": 0.0, 
  "钫": 0.0, 
  "钽": 0.0, 
  "铆": 0.0, 
  "铈": 0.0, 
  "铗": 0.0, 
  "铙": 0.0, 
  "铠": 0.0, 
  "铡": 0.0, 
  "铤": 0.0, 
  "铩": 0.0, 
  "铰": 0.0, 
  "铱": 0.0, 
  "铴": 0.0, 
  "锃": 0.0, 
  "锒": 0.0, 
  "锔": 0.0, 
  "锕": 0.0, 
  "锖": 0.0, 
  "锛": 0.0, 
  "锞": 0.0, 
  "锱": 0.0, 
  "锲": 0.0, 
  "镊": 0.0, 
  "镌": 0.0, 
  "镏": 0.0, 
  "镔": 0.0, 
  "镕": 0.0, 
  "镢": 0.0, 
  "镧": 0.0, 
  "镪": 0.0, 
  "镬": 0.0, 
  "閆": 0.0, 
  "閤": 0.0, 
  "閬": 0.0, 
  "閰": 0.0, 
  "閶": 0.0, 
  "閹": 0.0, 
  "閻": 0.013157894736842105, 
  "閼": 0.0, 
  "閽": 0.0, 
  "闃": 0.0, 
  "闞": 0.0, 
  "闫": 0.0, 
  "阆": 0.0, 
  "阉": 0.0, 
  "阊": 0.0, 
  "阋": 0.0, 
  "阍": 0.0, 
  "阎": 0.012987012987012988, 
  "阏": 0.0, 
  "阒": 0.0, 
  "阚": 0.0, 
  "阝": 0.0, 
  "阢": 0.0, 
  "阬": 0.0, 
  "阽": 0.0, 
  "阿": 0.03504976200778884, 
  "陈": 0.0383586083853702, 
  "陛": 0.0, 
  "陧": 0.0, 
  "陨": 0.0, 
  "陬": 0.0, 
  "陳": 0.03849597135183527, 
  "隉": 0.0, 
  "隋": 0.0, 
  "隕": 0.0, 
  "隗": 0.0, 
  "隰": 0.0, 
  "隳": 0.0, 
  "雒": 0.0, 
  "雖": 0.0, 
  "雠": 0.0, 
  "霅": 0.0, 
  "霪": 0.0, 
  "霹": 0.0, 
  "靉": 0.0, 
  "靦": 0.0, 
  "靳": 0.0, 
  "鞀": 0.0, 
  "鞑": 0.0, 
  "鞞": 0.0, 
  "鞠": 0.03571428571428571, 
  "鞣": 0.0, 
  "鞦": 0.0, 
  "鞫": 0.0, 
  "鞿": 0.0, 
  "韃": 0.0, 
  "韓": 0.04854368932038835, 
  "韩": 0.04807692307692308, 
  "韭": 0.0, 
  "頎": 0.0, 
  "預": 0.020618556701030927, 
  "頷": 0.0, 
  "顓": 0.0, 
  "顖": 0.0, 
  "顢": 0.0, 
  "顳": 0.0, 
  "顴": 0.0, 
  "颀": 0.0, 
  "预": 0.018633540372670808, 
  "颔": 0.0, 
  "颛": 0.0, 
  "颞": 0.0, 
  "颟": 0.0, 
  "颧": 0.0, 
  "颳": 0.0, 
  "颶": 0.0, 
  "颿": 0.0, 
  "飓": 0.0, 
  "飧": 0.0, 
  "飫": 0.0, 
  "餈": 0.0, 
  "餍": 0.0, 
  "餔": 0.0, 
  "餖": 0.0, 
  "餛": 0.0, 
  "餧": 0.0, 
  "餬": 0.0, 
  "餳": 0.0, 
  "餼": 0.0, 
  "餿": 0.0, 
  "饁": 0.0, 
  "饅": 0.0, 
  "饔": 0.0, 
  "饕": 0.0, 
  "饘": 0.0, 
  "饜": 0.0, 
  "饧": 0.0, 
  "饩": 0.0, 
  "饫": 0.0, 
  "饾": 0.0, 
  "馀": 0.0, 
  "馄": 0.0, 
  "馊": 0.0, 
  "馌": 0.0, 
  "馒": 0.0, 
  "馮": 0.00851063829787234, 
  "駑": 0.0, 
  "駘": 0.0, 
  "駙": 0.0, 
  "駢": 0.0, 
  "駱": 0.02, 
  "騂": 0.0, 
  "騃": 0.0, 
  "騍": 0.0, 
  "騶": 0.0, 
  "騺": 0.0, 
  "驀": 0.0, 
  "驂": 0.0, 
  "驃": 0.0, 
  "驍": 0.0, 
  "驸": 0.0, 
  "驺": 0.0, 
  "驽": 0.0, 
  "骀": 0.0, 
  "骁": 0.0, 
  "骆": 0.02, 
  "骈": 0.0, 
  "骍": 0.0, 
  "骒": 0.0, 
  "骖": 0.0, 
  "骠": 0.0, 
  "骯": 0.0, 
  "骰": 0.0, 
  "骶": 0.0, 
  "骷": 0.0, 
  "骻": 0.0, 
  "髀": 0.0, 
  "髁": 0.0, 
  "髂": 0.0, 
  "髋": 0.0, 
  "髌": 0.0, 
  "髑": 0.0, 
  "髕": 0.0, 
  "髖": 0.0, 
  "髭": 0.0, 
  "髽": 0.0, 
  "鬅": 0.0, 
  "鬣": 0.0, 
  "鬩": 0.0, 
  "鬲": 0.0, 
  "鬻": 0.0, 
  "魆": 0.0, 
  "魍": 0.0, 
  "魑": 0.0, 
  "魷": 0.0, 
  "鮀": 0.0, 
  "鮁": 0.0, 
  "鮎": 0.0, 
  "鮐": 0.0, 
  "鮑": 0.0, 
  "鯔": 0.0, 
  "鯡": 0.0, 
  "鯤": 0.0, 
  "鯪": 0.0, 
  "鯰": 0.0, 
  "鯷": 0.0, 
  "鯿": 0.0, 
  "鰈": 0.0, 
  "鰉": 0.0, 
  "鰣": 0.0, 
  "鰥": 0.0, 
  "鰹": 0.0, 
  "鱅": 0.0, 
  "鱖": 0.0, 
  "鱟": 0.0, 
  "鱿": 0.0, 
  "鲅": 0.0, 
  "鲇": 0.0, 
  "鲍": 0.0, 
  "鲎": 0.0, 
  "鲐": 0.0, 
  "鲣": 0.0, 
  "鲥": 0.0, 
  "鲮": 0.0, 
  "鲱": 0.0, 
  "鲲": 0.0, 
  "鲶": 0.0, 
  "鲻": 0.0, 
  "鲽": 0.0, 
  "鳇": 0.0, 
  "鳊": 0.0, 
  "鳏": 0.0, 
  "鳙": 0.0, 
  "鳜": 0.0, 
  "鳦": 0.0, 
  "鳧": 0.0, 
  "鳷": 0.0, 
  "鴂": 0.0, 
  "鴃": 0.0, 
  "鴝": 0.0, 
  "鴟": 0.0, 
  "鴯": 0.0, 
  "鵓": 0.0, 
  "鵜": 0.0, 
  "鵪": 0.0, 
  "鵷": 0.0, 
  "鶗": 0.0, 
  "鶱": 0.0, 
  "鶺": 0.0, 
  "鶼": 0.0, 
  "鷇": 0.0, 
  "鷓": 0.0, 
  "鷦": 0.0, 
  "鷸": 0.0, 
  "鸇": 0.0, 
  "鸕": 0.0, 
  "鸚": 0.0, 
  "鸬": 0.0, 
  "鸰": 0.0, 
  "鸱": 0.0, 
  "鸲": 0.0, 
  "鸸": 0.0, 
  "鹁": 0.0, 
  "鹈": 0.0, 
  "鹌": 0.0, 
  "鹓": 0.0, 
  "鹡": 0.0, 
  "鹣": 0.0, 
  "鹦": 0.0, 
  "鹧": 0.0, 
  "鹪": 0.0, 
  "鹬": 0.0, 
  "鹯": 0.0, 
  "麈": 0.0, 
  "麋": 0.0, 
  "麕": 0.0, 
  "麝": 0.0, 
  "麞": 0.0, 
  "麰": 0.0, 
  "麹": 0.0, 
  "麾": 0.0, 
  "黏": 0.0, 
  "黟": 0.0, 
  "黧": 0.0, 
  "黩": 0.0, 
  "黯": 0.0, 
  "黷": 0.0, 
  "黻": 0.0, 
  "黼": 0.0, 
  "黿": 0.0, 
  "鼇": 0.0, 
  "鼉": 0.0, 
  "鼋": 0.0, 
  "鼍": 0.0, 
  "鼗": 0.0, 
  "鼙": 0.0, 
  "鼢": 0.0, 
  "鼪": 0.0, 
  "鼯": 0.0, 
  "齇": 0.0, 
  "齎": 0.0, 
  "齏": 0.0, 
  "齑": 0.0, 
  "齙": 0.0, 
  "齜": 0.0, 
  "齟": 0.0, 
  "齷": 0.0, 
  "龃": 0.0, 
  "龅": 0.0, 
  "龇": 0.0, 
  "龌": 0.0, 
  "龔": 0.0, 
  "龚": 0.0, 
  "（": 0.0, 
  "，": 0.0, 
  "ａ": 0.0, 
  "ｏ": 0.0, 
  "ｘ": 0.0
}